CAS,NAME,LogP,LogBCF,Calc,LogPEstimated,SMILES
000050-29-3,"P,P'-DDT",6.91,4.47,4.62,6.79,c(ccc(c1)Cl)(c1)C(c(ccc(c2)Cl)c2)C(Cl)(Cl)Cl
000050-32-8,BENZO(A)PYRENE,5.97,2.96,3.9,6.11,c(c(c(cc1)ccc2)c2cc3)(c3cc(c4ccc5)c5)c14
000051-28-5,"2,4-DINITROPHENOL",1.67,0.57,0.59,1.73,O=N(=O)c(ccc(O)c1N(=O)=O)c1
000055-38-9,FENTHION,4.09,1.99,2.45,4.08,COP(=S)(OC)Oc1ccc(SC)c(C)c1
000055-63-0,"1,2,3-PROPANETRIOL TRINITRATE",1.62,0.9,0.55,1.51,O=N(=O)OCC(ON(=O)=O)CON(=O)=O
000056-23-5,CARBON TETRACHLORIDE,2.83,1.48,1.48,2.44,C(Cl)(Cl)(Cl)Cl
000056-35-9,BIS(TRI-N-BUTYLTIN) OXIDE,3.84,3.2,3.66,4.05,CCCC[Sn](CCCC)(CCCC)O[Sn](CCCC)(CCCC)CCCC
000056-38-2,PARATHION,3.83,2.2,2.25,3.73,CCOP(=S)(OCC)Oc1ccc(cc1)N(=O)=O
000057-15-8,"B,B,B-TRICHLORO-T-BUTANOL",2.03,0.23,0.86,2.09,OC(C(Cl)(Cl)Cl)(C)C
000057-74-9,CHLORDANE,6.16,4.34,4.04,6.26,ClC1CC2C(C1Cl)C3(Cl)C(=C(Cl)C2(Cl)C3(Cl)Cl)Cl
000058-89-9,LINDANE,3.72,2.67,2.16,4.26,C(C(C(C(C1Cl)Cl)Cl)Cl)(C1Cl)Cl
000058-90-2,"2,3,4,6-TETRACHLOROPHENOL",4.45,2.3,2.33,4.09,Oc(c(cc(c1Cl)Cl)Cl)c1Cl
000059-50-7,3-METHYL-4-CHLOROPHENOL,3.1,0.89,1.69,2.7,Oc(ccc(c1C)Cl)c1
000060-29-7,DIETHYL ETHER,0.89,0.6,0.5,1.05,O(CC)CC
000060-51-5,DIMETHOATE,0.78,0.2,0.5,0.28,O=C(NC)CSP(OC)(OC)=S
000060-57-1,DIELDRIN,5.4,3.65,3.46,5.45,ClC4=C(Cl)C5(Cl)C3C1CC(C2OC12)C3C4(Cl)C5(Cl)Cl
000061-82-5,AMITROLE,-0.86,0.49,0.5,-0.47,n1nc(N)nc1
000062-38-4,PHENYLMERCURIC ACETATE,0.71,1.95,2,0.89,CC(=O)O[Hg]c1ccccc1
000062-44-2,P-PHENACETIN,1.58,1.48,0.52,1.67,CC(=O)Nc1ccc(OCC)cc1
000062-53-3,ANILINE,0.9,0.41,0.5,1.08,Nc(cccc1)c1
000062-56-6,THIOUREA,-1.08,0.3,0.5,-1.31,NC(=S)N
000062-73-7,DICHLORVOS,1.43,-0.3,-0.35,0.6,O=P(OC)(OC)OC=C(Cl)Cl
000063-25-2,1-NAPHTHYL-N-METHYLCARBAMATE,2.36,0.95,1.12,2.35,O=C(Oc(c(c(ccc1)cc2)c1)c2)NC
000066-81-9,CYCLOHEXIMIDE,0.55,0.45,0.5,0.08,CC1CC(C)C(=O)C(C1)C(O)CC2CC(=O)NC(=O)C2
000067-66-3,CHLOROFORM,1.97,0.78,0.82,1.52,C(Cl)(Cl)Cl
000067-68-5,DIMETHYL SULFOXIDE,-1.35,0.6,0.5,-1.22,O=S(C)C
000067-72-1,HEXACHLOROETHANE,3.91,2.85,2.31,4.03,C(C(Cl)(Cl)Cl)(Cl)(Cl)Cl
000068-12-2,"N,N'-DIMETHYLFORMAMIDE",-1.01,-0.22,0.5,-0.93,O=CN(C)C
000070-30-4,"PHENOL,2,2'-METHYLENEBIS 3,4,6-CL",7.54,2.05,3.67,6.92,Oc(c(c(c(c1)Cl)Cl)Cc(c(c(cc2Cl)Cl)Cl)c2O)c1Cl
000071-43-2,BENZENE,2.13,0.89,0.94,1.99,c(cccc1)c1
000071-55-6,"1,1,1-TRICHLOROETHANE",2.49,0.95,1.22,2.68,C(Cl)(Cl)(Cl)C
000072-20-8,ENDRIN,5.2,3.66,3.3,5.45,ClC4=C(Cl)C5(Cl)C3C1CC(C2OC12)C3C4(Cl)C5(Cl)Cl
000072-43-5,METHOXYCHLOR,5.08,3.91,3.21,5.67,COc1ccc(cc1)C(c2ccc(OC)cc2)C(Cl)(Cl)Cl
000072-55-9,"P,P'-DDE",6.51,4.71,4.31,6,ClC(Cl)=C(c1ccc(Cl)cc1)c2ccc(Cl)cc2
000074-31-7,"N,N'-DIPHENYL-P-BENZENEDIAMINE",4.04,3.01,2.41,4.04,N(c(ccc(Nc(cccc1)c1)c2)c2)c(cccc3)c3
000074-97-5,CHLOROBROMOMETHANE,1.41,0.39,0.39,1.43,BrCCl
000075-09-2,DICHLOROMETHANE,1.25,1.21,0.26,1.34,ClCCl
000075-15-0,CARBON DISULFIDE,1.94,1.78,0.79,1.94,C(=S)=S
000075-25-2,BROMOFORM,2.4,1.09,1.15,1.79,BrC(Br)Br
000075-35-4,"1,1-DICHLOROETHENE",2.13,1.11,0.94,2.12,C(=C)(Cl)Cl
000075-65-0,T-BUTANOL,0.35,0.7,0.5,0.73,OC(C)(C)C
000075-71-8,DICHLORODIFLUOROMETHANE,2.16,0.68,0.96,1.82,FC(F)(Cl)Cl
000076-01-7,PENTACHLOROETHANE,3.22,1.78,1.78,3.11,C(C(Cl)Cl)(Cl)(Cl)Cl
000076-12-0,"1,1,2,2,-TETRACHLORODIFLUOROETHANE",3.41,1.71,1.92,3.41,FC(C(F)(Cl)Cl)(Cl)Cl
000076-13-1,"1,1,2-TRICHLOROTRIFLUOROETHANE",3.16,1.54,1.73,3.09,FC(F)(C(F)(Cl)Cl)Cl
000076-44-8,HEPTACHLOR,6.1,4.3,4,5.86,ClC1C=CC2C1C3(Cl)C(=C(Cl)C2(Cl)C3(Cl)Cl)Cl
000076-83-5,CHLOROTRIPHENYLMETHANE,5.25,2.57,3.34,5.58,c(cccc1)(c1)C(c(cccc2)c2)(c(cccc3)c3)Cl
000076-87-9,TRIPHENYLTIN HYDROXIDE,2.37,3.46,2.6,3.47,O[Sn](c1ccccc1)(c2ccccc2)c3ccccc3
000077-47-4,HEXACHLOROCYCLOPENTADIENE,5.04,1.46,3.18,4.63,C(=C(C(=C1Cl)Cl)Cl)(C1(Cl)Cl)Cl
000077-73-6,DICYCLOPENTADIENE,3.51,1.72,2,3.16,C(C(C=CC12)C1)(C2C=C3)C3
000078-32-0,TRI-P-CRESYL PHOSPHATE,6.21,2.96,3.3,6.34,O=P(Oc(ccc(c1)C)c1)(Oc(ccc(c2)C)c2)Oc(ccc(c3)C)c3
000078-40-0,TRIETHYL PHOSPHATE,0.8,0.11,0.5,0.87,O=P(OCC)(OCC)OCC
000078-42-2,TRIS(2-ETHYLHEXYL) PHOSPHATE,9.49,0.82,0.5,9.49,O=P(OCC(CCCC)CC)(OCC(CCCC)CC)OCC(CCCC)CC
000078-48-8,DEF,5.7,2.97,2.69,5.75,O=P(SCCCC)(SCCCC)SCCCC
000078-51-3,TRI-2-BUTOXYETHYL PHOSPHATE,3.75,0.76,1.41,3,O=P(OCCOCCCC)(OCCOCCCC)OCCOCCCC
000078-59-1,ISOPHORONE,1.7,0.84,0.61,2.62,O=C(C=C(CC1(C)C)C)C1
000078-79-5,"2-METHYL-1,3-BUTADIENE",2.42,1.03,1.16,2.58,C(C=C)(=C)C
000078-87-5,"1,2-DICHLOROPROPANE",1.98,0.57,0.82,2.25,ClCC(Cl)C
000079-00-5,"1,1,2-TRICHLOROETHANE",1.89,0.63,0.76,2.01,ClCC(Cl)Cl
000079-01-6,TRICHLOROETHENE,2.42,1.23,1.16,2.47,C(=CCl)(Cl)Cl
000079-06-1,ACRYLAMIDE,-0.67,-0.01,0.5,-0.81,O=C(N)C=C
000079-27-6,"1,1,2,2-TETRABROMOETHANE",2.55,0.69,1.26,2.55,BrC(Br)C(Br)Br
000079-34-5,"1,1,2,2-TETRACHLOROETHANE",2.39,0.91,1.14,2.19,C(C(Cl)Cl)(Cl)Cl
000079-46-9,2-NITROPROPANE,0.93,0.92,0.5,0.87,O=N(=O)C(C)C
000079-92-5,CAMPHENE,4.35,2.95,2.65,4.35,C(C(CC1C2)C2)(C1(C)C)=C
000079-94-7,"2,2-BIS(4-HYDROXY-3,5-DIBROMOPHENYL)PROPANE",7.2,2.21,4.14,7.2,Oc(c(cc(c1)C(c(cc(c(O)c2Br)Br)c2)(C)C)Br)c1Br
000080-05-7,DIPHENYLOLPROPANE,3.32,1.57,1.86,3.64,Oc(ccc(c1)C(c(ccc(O)c2)c2)(C)C)c1
000080-43-3,"PEROXIDE, BIS(1-METHYL-1-PHENYLETHYL)",5.5,2.54,3.54,5.88,O(OC(c(cccc1)c1)(C)C)C(c(cccc2)c2)(C)C
000081-15-2,"2,4,6-TRINITRO-5-TERT-BUTYL-1,3-XYLENE",5.2,3.49,3.3,4.45,O=N(=O)c(c(c(N(=O)=O)c(c1N(=O)=O)C(C)(C)C)C)c1C
000082-05-3,BENZANTHRONE,4.81,2.08,2.16,4.73,O=C(c(c(c(c1c(ccc2)cc3)c3)ccc4)c4)c12
000082-44-0,1-CHLOROANTHRAQUINONE,3.99,2.26,1.53,3.99,O=C(c(c(c(cc1)Cl)C(=O)c2cccc3)c1)c23
000082-45-1,1-AMINOANTHRAQUINONE,3.74,1.94,1.34,3.53,O=C(c(c(c(N)cc1)C(=O)c2cccc3)c1)c23
000082-68-8,PENTACHLORONITROBENZENE,4.64,3.05,2.87,5.03,O=N(=O)c(c(c(c(c1Cl)Cl)Cl)Cl)c1Cl
000083-32-9,ACENAPHTHENE,3.92,2.59,2.32,4.15,c(c(ccc1)ccc2)(c1CC3)c23
000083-79-4,ROTENONE,4.1,1.23,1.62,4.31,COc5cc4OCC3Oc2c1CC(Oc1ccc2C(=O)C3c4cc5OC)C(C)=C
000084-15-1,o-TERPHENYL,6.03,3.22,3.94,5.52,c(c(c(cccc1)c1)ccc2)(c(cccc3)c3)c2
000084-51-5,2-ETHYLANTHRAQUINONE,4.37,0.94,1.82,4.38,O=C(c(c(C(=O)c1cccc2)ccc3CC)c3)c12
000084-66-2,DIETHYL PHTHALATE,2.47,2.07,1.2,2.65,O=C(OCC)c(c(ccc1)C(=O)OCC)c1
000084-74-2,DIBUTYL PHTHALATE,4.72,3.33,2.93,4.61,O=C(OCCCC)c(c(ccc1)C(=O)OCCCC)c1
000085-01-8,PHENANTHRENE,4.46,3.6,3.21,4.35,c(c(c(c(c1)ccc2)c2)ccc3)(c1)c3
000085-68-7,BUTYL BENZYL PHTHALATE,4.91,2.82,3.08,4.84,O=C(OCc(cccc1)c1)c(c(ccc2)C(=O)OCCCC)c2
000085-83-6,SOLVENT RED 24,8.72,0.75,1,8.72,Oc(ccc(c1ccc2)c2)c1N=Nc(c(cc(N=Nc(c(ccc3)C)c3)c4)C)c4
000086-30-6,DIPHENYLNITROSAMINE,3.13,2.34,1.71,3.16,O=NN(c(cccc1)c1)c(cccc2)c2
000086-73-7,9H-FLUORENE,4.18,3.11,2.52,4.02,c(c(c(c1ccc2)c2)ccc3)(c3)C1
000086-74-8,CARBAZOLE,3.72,2.7,2.16,3.23,n(c(c(c1cccc2)ccc3)c3)c12
000087-61-6,"1,2,3-TRICHLOROBENZENE",4.05,3.11,2.42,3.93,c(c(c(cc1)Cl)Cl)(c1)Cl
000087-62-7,"2,6-DIMETHYLANILINE",2.17,0.45,0.97,2.17,Nc(c(ccc1)C)c1C
000087-65-0,"2,6-DICHLOROPHENOL",2.75,1.08,1.02,2.8,Oc(c(ccc1)Cl)c1Cl
000087-68-3,"HEXACHLORO-1,3-BUTADIENE",4.78,3.84,2.98,4.72,C(=C(C(=C(Cl)Cl)Cl)Cl)(Cl)Cl
000087-82-1,HEXABROMOBENZENE,6.07,3.04,3.97,7.33,c(c(c(c(c1Br)Br)Br)Br)(c1Br)Br
000087-83-2,PENTABROMOTOLUENE,5.43,2.43,3.48,6.99,c(c(c(c(c1Br)Br)Br)Br)(c1Br)C
000087-84-3,"CYCLOHEXANE, 1,2,3,4,5-PENTABROMO-6-CHLORO-",4.72,2.35,2.93,4.71,BrC(C(C(Br)C(Br)C1Br)Cl)C1Br
000087-86-5,PENTACHLOROPHENOL,5.12,2.89,2.84,4.74,Oc(c(c(c(c1Cl)Cl)Cl)Cl)c1Cl
000088-19-7,O-METHYLBENZENESULFONAMIDE,0.84,0.21,0.5,0.92,O=S(=O)(N)c(c(ccc1)C)c1
000088-72-2,2-NITROTOLUENE,2.3,1.15,1.07,2.36,O=N(=O)c(c(ccc1)C)c1
000088-73-3,2-CHLORO-1-NITROBENZENE,2.24,1.19,1.02,2.46,O=N(=O)c(c(ccc1)Cl)c1
000088-74-4,2-NITROANILINE,1.85,0.91,0.72,2.02,O=N(=O)c(c(N)ccc1)c1
000088-75-5,2-NITROPHENOL,1.79,1.34,0.68,1.91,O=N(=O)c(c(O)ccc1)c1
000088-85-7,DINOSEB,3.56,1.79,2.04,3.67,O=N(=O)c(cc(N(=O)=O)c(O)c1C(CC)C)c1
000088-89-1,"2,4,6-TRINITROPHENOL",1.33,0,0.32,1.54,O=N(=O)c(cc(N(=O)=O)c(O)c1N(=O)=O)c1
000089-61-2,"2,4-DICHLORONITROBENZENE",3.09,2.05,1.68,3.1,O=N(=O)c(c(ccc1Cl)Cl)c1
000089-63-4,4-CHLORO-2-NITROANILINE,2.72,1.02,1.39,2.66,O=N(=O)c(c(N)ccc1Cl)c1
000089-69-0,"2,4,5-TRICHLORONITROBENZENE",3.48,1.83,1.98,3.74,O=N(=O)c(c(cc(c1Cl)Cl)Cl)c1
000089-93-0,ALPHA-METHYLBENZYLAMINE,0.86,0.62,0.5,1.62,NCc(c(ccc1)C)c1
000090-12-0,1-METHYLNAPHTHALENE,3.87,2.11,2.28,3.72,c(c(c(cc1)C)ccc2)(c2)c1
000090-30-2,"1-NAPHTHALENAMINE, N-PHENYL-",4.2,3.18,2.53,4.47,N(c(c(c(ccc1)cc2)c1)c2)c(cccc3)c3
000090-41-5,O-AMINOBIPHENYL,2.84,1.31,1.49,2.84,Nc(c(c(cccc1)c1)ccc2)c2
000090-94-8,"4,4-BIS(DIMETHYLAMINO)BENZOPHENONE",3.87,1.41,1.44,3.5,O=C(c(ccc(N(C)C)c1)c1)c(ccc(N(C)C)c2)c2
000091-15-6,"1,2-DICYANOBENZENE",0.99,0.74,0.5,1.09,N#Cc(c(C#N)ccc1)c1
000091-17-8,DECAHYDRONAPHTHALENE,4.2,3.25,2.53,4.2,C(C(CCC1)CCC2)(C1)C2
000091-20-3,NAPHTHALENE,3.3,2.63,1.84,3.17,c(c(ccc1)ccc2)(c1)c2
000091-22-5,QUINOLINE,2.03,0.9,0.86,2.14,n(c(c(ccc1)cc2)c1)c2
000091-23-6,2-NITROANISOLE,1.73,0.58,0.63,1.89,O=N(=O)c(c(OC)ccc1)c1
000091-57-6,2-METHYLNAPHTHALENE,3.86,2.28,2.27,3.72,c(c(ccc1C)ccc2)(c2)c1
000091-66-7,"N,N-DIETHYLANILINE",3.31,1.67,1.85,3.15,N(c(cccc1)c1)(CC)CC
000091-94-1,"3,3'-DICHLOROBENZIDINE",3.51,2.63,2,3.21,Nc(c(cc(c(ccc(N)c1Cl)c1)c2)Cl)c2
000091-96-3,C.I. AZOIC COUPLING COMPONENT 5,1.75,0.2,0.65,1.75,O=C(Nc(c(cc(c(ccc(NC(=O)CC(=O)C)c1C)c1)c2)C)c2)CC(=O)C
000092-52-4,BIPHENYL,3.98,2.45,2.36,3.76,c(c(cccc1)c1)(cccc2)c2
000092-69-3,P-PHENYLPHENOL,3.2,1.58,1.76,3.28,Oc(ccc(c(cccc1)c1)c2)c2
000092-77-3,AZOIC CC2,4.47,0.81,2.74,4.47,O=C(Nc(cccc1)c1)c(c(O)cc(c2ccc3)c3)c2
000092-84-2,PHENOTHIAZINE,4.15,2.49,2.5,3.82,N(c(c(Sc1cccc2)ccc3)c3)c12
000092-86-4,"4,4'-DIBROMOBIPHENYL",5.72,4.24,4.32,5.54,c(ccc(c(ccc(c1)Br)c1)c2)(c2)Br
000092-94-4,p-TERPHENYL,6.03,1.5,3.94,5.52,c(c(cccc1)c1)(ccc(c(cccc2)c2)c3)c3
000094-52-0,5-NITROBENZIMIDAZOLE,1.05,0.46,0.11,1.05,O=N(=O)c(ccc(NC=N1)c12)c2
000095-16-9,BENZOTHIAZOLE,2.01,0.75,0.85,2.17,c1ccc2ncsc2c1
000095-48-7,2-METHYLPHENOL,1.95,1.03,0.8,2.06,Oc(c(ccc1)C)c1
000095-49-8,O-CHLOROTOLUENE,3.18,1.68,1.75,3.18,c(c(ccc1)Cl)(c1)C
000095-50-1,"1,2-DICHLOROBENZENE",3.43,1.95,1.94,3.28,c(c(ccc1)Cl)(c1)Cl
000095-51-2,2-CHLOROANILINE,1.9,1.18,0.76,1.72,Nc(c(ccc1)Cl)c1
000095-53-4,O-TOLUIDINE,1.32,0.34,0.32,1.62,Nc(c(ccc1)C)c1
000095-56-7,O-BROMOPHENOL,2.35,1.49,1.11,2.4,Oc(c(ccc1)Br)c1
000095-57-8,2-CHLOROPHENOL,2.15,2.33,0.96,2.16,Oc(c(ccc1)Cl)c1
000095-63-6,"1,2,4-TRIMETHYLBENZENE",3.63,1.91,2.1,3.63,c(ccc(c1C)C)(c1)C
000095-64-7,"3,4-DIMETHYLANILINE",1.84,1,0.72,2.17,Nc(ccc(c1C)C)c1
000095-69-2,2-METHYL-4-CHLOROANILINE,2.27,1.54,1.05,2.27,Nc(c(cc(c1)Cl)C)c1
000095-76-1,"3,4-DICHLOROANILINE",2.69,1.48,1.37,2.37,Nc(ccc(c1Cl)Cl)c1
000095-77-2,"3,4-DICHLOROPHENOL",3.33,1.56,1.46,2.8,Oc1ccc(Cl)c(Cl)c1
000095-78-3,"2,5-DIMETHYLANILINE",1.83,0.58,0.71,2.17,Nc(c(ccc1C)C)c1
000095-80-7,"2,4-TOLUENEDIAMINE",0.14,1.96,0.5,0.16,Nc(c(ccc1N)C)c1
000095-82-9,"2,5-DICHLOROANILINE",2.75,1.17,1.42,2.37,Nc(c(ccc1Cl)Cl)c1
000095-94-3,"1,2,4,5-TETRACHLOROBENZENE",4.64,3.61,2.87,4.57,c(c(cc(c1Cl)Cl)Cl)(c1)Cl
000095-95-4,"2,4,5-TRICHLOROPHENOL",3.72,3.28,1.76,3.45,Oc(c(cc(c1Cl)Cl)Cl)c1
000096-12-8,"1,2-DIBROMO-3-CHLOROPROPANE",2.96,0.94,1.58,2.68,BrCC(Br)CCl
000096-18-4,"1,2,3-TRICHLOROPROPANE",2.27,0.92,1.05,2.5,ClCC(Cl)CCl
000096-29-7,2-BUTANONE OXIME,0.63,0.58,0.5,1.69,N(O)=C(CC)C
000096-45-7,ETHYLENETHIOUREA,-0.66,1,0.5,-0.49,N(C(=S)NC1)C1
000096-69-5,"4,4'-THIOBIS(6-T-BUTYL-M-CRESOL)",8.24,0.58,2.66,8.24,Oc(c(cc(Sc(c(cc(O)c1C(C)(C)C)C)c1)c2C)C(C)(C)C)c2
000096-76-4,"2,4-DI-T-BUTYLPHENOL",5.19,2.35,2.85,5.33,Oc(c(cc(c1)C(C)(C)C)C(C)(C)C)c1
000096-91-3,"AMINO-4,5-DINITROPHENOL",0.93,0.47,0.5,0.81,Nc1cc(cc(N(=O)=O)c1O)N(=O)=O
000096-96-8,"BENZENAMINE, 4-METHOXY-2-NITRO-",1.94,0.82,0.79,2.1,O=N(=O)c(c(N)ccc1OC)c1
000097-02-9,"2,4-DINITROANILINE",1.84,1.11,0.72,1.84,O=N(=O)c(ccc(N)c1N(=O)=O)c1
000097-23-4,"PHENOL,2,2'-METHYLENEBIS 4-CHLORO-",4.26,2.22,2.18,4.34,Oc(c(cc(c1)Cl)Cc(c(O)ccc2Cl)c2)c1
000098-08-8,BENZOTRIFLUORIDE,3.01,1.63,1.62,2.96,FC(F)(F)c(cccc1)c1
000098-10-2,BENZENESULFONAMIDE,0.31,0.67,0.5,0.37,O=S(=O)(N)c(cccc1)c1
000098-15-7,3-TRIFLUOROMETHYL-CHLOROBENZENE,3.6,2.35,2.07,3.6,FC(F)(F)c(cccc1Cl)c1
000098-54-4,P-T-BUTYLYPHENOL,3.31,2.08,1.85,3.42,Oc(ccc(c1)C(C)(C)C)c1
000098-83-9,ALPHA-METHYLSTYRENE,3.48,1.47,1.98,3.44,c(C(=C)C)(cccc1)c1
000098-95-3,NITROBENZENE,1.85,1.18,0.72,1.81,O=N(=O)c(cccc1)c1
000099-08-1,3-NITROTOLUENE,2.45,0.78,1.19,2.36,O=N(=O)c(cccc1C)c1
000099-09-2,3-NITROANILINE,1.37,0.92,0.35,1.47,O=N(=O)c(cccc1N)c1
000099-54-7,"3,4-DICHLORONITROBENZENE",3.12,2.11,1.7,3.1,O=N(=O)c(ccc(c1Cl)Cl)c1
000099-62-7,m-DIISOPROPYLBENZENE,5.13,3.13,3.25,4.9,c(cccc1C(C)C)(c1)C(C)C
000099-71-8,p-(SEC-BUTYL)PHENOL,3.08,1.45,1.67,3.46,Oc(ccc(c1)C(CC)C)c1
000099-99-0,P-NITROTOLUENE,2.37,0.78,1.12,2.36,O=N(=O)c(ccc(c1)C)c1
000100-00-5,P-CHLORONITROBENZENE,2.39,2.03,1.14,2.46,O=N(=O)c(ccc(c1)Cl)c1
000100-01-6,4-NITROANILINE,1.39,0.64,0.37,1.47,O=N(=O)c(ccc(N)c1)c1
000100-02-7,4-NITROPHENOL,1.91,1.91,0.77,1.91,O=N(=O)c(ccc(O)c1)c1
000100-17-4,P-NITROANISOLE,2.03,1.03,0.86,1.89,O=N(=O)c(ccc(OC)c1)c1
000100-18-5,p-DIISOPROPYLBENZENE,5.23,3.09,3.33,4.9,c(ccc(c1)C(C)C)(c1)C(C)C
000100-40-3,4-VINYLCYCLOHEXENE,3.93,2.18,2.33,3.73,C(=CCCC1C=C)C1
000100-43-6,4-VINYLPYRIDINE,1.71,1.83,0.62,1.71,n(ccc(c1)C=C)c1
000100-61-8,N-METHYLANILINE,1.66,0.41,0.58,1.62,N(c(cccc1)c1)C
000101-02-0,"TRIPHENYL ESTER, PHOSPHOROUS ACID",6.62,2.11,4.4,6.62,O(c(cccc1)c1)P(Oc(cccc2)c2)Oc(cccc3)c3
000101-14-4,"4,4'-METHYLENEBIS(2-CHLOROANILINE)",3.91,2.22,2.31,3.47,Nc(c(cc(c1)Cc(ccc(N)c2Cl)c2)Cl)c1
000101-53-1,4-HYDROXYDIPHENYLMETHANE,3.47,1.26,1.97,3.54,Oc(ccc(c1)Cc(cccc2)c2)c1
000101-77-9,DI-(P-AMINOPHENYL)METHANE,1.59,0.84,0.52,2.18,Nc(ccc(c1)Cc(ccc(N)c2)c2)c1
000101-81-5,"BENZENE, 1,1'-METHYLENEBIS-",4.14,2.91,2.49,4.02,c(cccc1)(c1)Cc(cccc2)c2
000101-84-8,DIPHENYL ETHER,4.21,2.67,2.54,4.05,O(c(cccc1)c1)c(cccc2)c2
000102-06-7,"N,N'-DIPHENYLGUANIDINE",2.89,1.3,1.53,2.89,N=C(Nc(cccc1)c1)Nc(cccc2)c2
000102-70-5,"2-PROPEN-1-AMINE, N,N-DI-2-PROPENYL-",2.59,0.52,1.29,2.58,N(CC=C)(CC=C)CC=C
000102-71-6,TRIETHANOLAMINE,-1,0.59,0.5,-2.48,OCCN(CCO)CCO
000103-44-6,2-ETHYLHEXYLVINYLETHER,3.79,2.73,2.22,3.79,O(CC(CCCC)CC)C=C
000103-50-4,DIBENZYL ETHER,3.31,2.41,1.85,3.48,O(Cc(cccc1)c1)Cc(cccc2)c2
000103-69-5,N-ETHYLANILINE,2.16,0.95,0.96,2.11,N(c(cccc1)c1)CC
000103-83-3,"N,N-DIMETHYLBENZYLAMINE",1.98,1.07,0.82,1.75,N(Cc(cccc1)c1)(C)C
000104-40-5,4-NONYLPHENOL,5.76,3.11,2.74,5.99,Oc(ccc(c1)CCCCCCCCC)c1
000104-43-8,"PHENOL, 4-DODECYL-",7.91,2.75,2.06,7.46,Oc(ccc(c1)CCCCCCCCCCCC)c1
000105-05-5,P-DIETHYLBENZENE,4.58,2.66,2.83,4.07,c(ccc(c1)CC)(c1)CC
000105-67-9,"2,4-DIMETHYLPHENOL",2.3,2.18,1.07,2.61,Oc(c(cc(c1)C)C)c1
000106-37-6,"1,4-DIBROMOBENZENE",3.79,1.96,2.22,3.77,c(ccc(c1)Br)(c1)Br
000106-41-2,P-BROMOPHENOL,2.59,1.56,1.29,2.4,Oc(ccc(c1)Br)c1
000106-43-4,P-CHLOROTOLUENE,3.33,1.58,1.86,3.18,c(ccc(c1)Cl)(c1)C
000106-46-7,"1,4-DICHLOROBENZENE",3.44,2.05,1.95,3.28,c(ccc(c1)Cl)(c1)Cl
000106-47-8,4-CHLOROANILINE,1.83,1,0.71,1.72,Nc(ccc(c1)Cl)c1
000106-48-9,4-CHLOROPHENOL,2.39,1.38,1.14,2.16,Oc(ccc(c1)Cl)c1
000106-93-4,"1,2-DIBROMOETHANE",1.96,0.86,0.81,2.01,BrCCBr
000107-05-1,3-CHLOROPROPYLENE,1.93,0.43,0.79,1.93,C(=C)CCl
000107-06-2,"1,2-DICHLOROETHANE",1.48,0.3,0.44,1.83,ClCCCl
000107-13-1,ACRYLONITRILE,0.25,1.68,0.5,0.21,N#CC=C
000107-39-1,"2,4,4-TRIMETHYL-1-PENTENE",4.55,2.74,2.8,4.08,C(=C)(CC(C)(C)C)C
000108-36-1,"1,3-DIBROMOBENZENE",3.75,2.82,2.19,3.77,c(cccc1Br)(c1)Br
000108-42-9,3-CHLOROANILINE,1.88,1.06,0.75,1.72,Nc(cccc1Cl)c1
000108-43-0,3-CHLOROPHENOL,2.5,1.25,1.23,2.16,Oc(cccc1Cl)c1
000108-45-2,"1,3-BENZENEDIAMINE",-0.33,0.79,0.5,-0.39,Nc(cccc1N)c1
000108-60-1,"DCIP  (2,2'-OXYBIS-1-CHLOROPROPANE)",2.48,0.84,1.21,2.39,O(C(CCl)C)C(CCl)C
000108-67-8,"1,3,5-TRIMETHYLBENZENE",3.42,2.07,1.93,3.63,c(cc(cc1C)C)(c1)C
000108-70-3,"1,3,5-TRICHLOROBENZENE",4.19,3,2.53,3.93,c(cc(cc1Cl)Cl)(c1)Cl
000108-78-1,MELAMINE,-1.37,0.58,0.5,-0.38,n(c(nc(n1)N)N)c1N
000108-80-5,CYANURIC ACID,0.61,-0.3,0.5,1.95,N1C(=O)NC(=O)NC1=O
000108-86-1,BROMOBENZENE,2.99,1.68,1.6,2.88,c(cccc1)(c1)Br
000108-87-2,1-METHYLCYCLOHEXANE,3.61,2.25,2.08,3.59,C(CCCC1)(C1)C
000108-88-3,TOLUENE,2.73,1.96,1.4,2.54,c(cccc1)(c1)C
000108-90-7,CHLOROBENZENE,2.84,1.36,1.49,2.64,c(cccc1)(c1)Cl
000108-95-2,PHENOL,1.46,1.3,0.42,1.51,Oc(cccc1)c1
000109-09-1,2-CHLOROPYRIDINE,1.22,1.28,0.24,1.45,n(c(ccc1)Cl)c1
000109-69-3,1-CHLOROBUTANE,2.64,1.14,1.33,2.56,ClCCCC
000110-00-9,FURAN,1.34,0.81,0.33,1.36,O1C=CC=C1
000110-02-1,THIOPHENE,1.81,0.86,0.69,1.81,S1C=CC=C1
000110-30-5,"1,2-BIS(STEAROYLAMINO)ETHANE",13.98,0.79,0.5,13.98,O=C(NCCNC(=O)CCCCCCCCCCCCCCCCC)CCCCCCCCCCCCCCCCC
000110-82-7,CYCLOHEXANE,3.44,1.84,1.95,3.18,C(CCCC1)C1
000110-85-0,PIPERAZINE,-1.5,0.59,0.5,-0.8,N(CCNC1)C1
000110-91-8,MORPHOLINE,-0.86,0.45,0.5,-0.56,O(CCNC1)C1
000111-40-0,DIETHYLENETRIAMINE,-2.13,0.62,0.5,-2.13,N(CCN)CCN
000111-41-1,2-(2-AMINOETHYLAMINO)ETHANOL,-2.13,0.45,0.5,-2.13,OCCNCCN
000111-44-4,BIS(2-CHLOROETHYL) ETHER,1.29,1.04,0.29,1.56,O(CCCl)CCCl
000111-94-4,"PROPANENITRILE, 3,3'-IMINOBIS-",-1.34,0.08,0.5,-1.15,N#CCCNCCC#N
000115-09-3,METHYLMERCURY CHLORIDE,0.41,2.42,2,0.39,Cl[Hg]C
000115-29-7,ENDOSULFAN,3.83,3.3,2.25,3.5,ClC2=C(Cl)C3(Cl)C1COS(=O)OCC1C2(Cl)C3(Cl)Cl
000115-32-2,DICOFOL,5.02,4.09,3.17,5.81,OC(c1ccc(Cl)cc1)(c2ccc(Cl)cc2)C(Cl)(Cl)Cl
000115-77-5,PENTAERYTHRITOL,-1.69,-0.04,0.5,-1.77,OCC(CO)(CO)CO
000115-86-6,TRIPHENYLPHOSPHATE,4.59,2.79,2.05,4.7,O=P(Oc(cccc1)c1)(Oc(cccc2)c2)Oc(cccc3)c3
000115-96-8,TRI-2-CHLOROETHYL PHOSPHATE,1.44,-0.4,0.37,1.63,O=P(OCCCl)(OCCCl)OCCCl
000117-18-0,"2,3,5,6-TETRACHLORONITROBENZENE",4.38,3.13,2.67,4.39,Clc1cc(Cl)c(Cl)c(N(=O)=O)c1Cl
000117-79-3,2-AMINOANTHRAQUINONE,3.31,1.46,1.01,2.43,O=C(c(c(C(=O)c1cccc2)ccc3N)c3)c12
000117-81-7,BIS(2-ETHYLHEXYL)PHTHALATE,7.6,2.93,2.49,8.39,O=C(OCC(CCCC)CC)c(c(ccc1)C(=O)OCC(CCCC)CC)c1
000118-44-5,"1-NAPHTHALENAMINE, N-ETHYL-",3.45,2.29,1.96,3.29,N(c(c(c(ccc1)cc2)c1)c2)CC
000118-74-1,HEXACHLOROBENZENE,5.73,4.27,3.71,5.86,c(c(c(c(c1Cl)Cl)Cl)Cl)(c1Cl)Cl
000118-79-6,"2,4,6-TRIBROMOPHENOL",4.23,1.92,2.16,4.18,Oc(c(cc(c1)Br)Br)c1Br
000118-82-1,"4,4'-METHYLENE BIS(2,6-DI-T-BUTYLPHENOL)",8.99,1.48,1.63,8.99,Oc(c(cc(c1)Cc(cc(c(O)c2C(C)(C)C)C(C)(C)C)c2)C(C)(C)C)c1C(C)(C)C
000118-83-2,4-CHLORO-1-NITRO-2(TRIFLUOROMETHYL)BENZENE,3.2,1.77,1.76,3.42,C(F)(F)(F)c1cc(Cl)ccc1N(=O)=O
000119-12-0,PYRIDAPHENTHION,3.2,0.68,1.76,3.66,S=P(OCC)(OCC)OC1=NN(c2ccccc2)C(=O)C=C1
000119-33-5,4-METHYL-2-NITROPHENOL,2.37,0.91,1.12,2.46,O=N(=O)c(c(O)ccc1C)c1
000119-47-1,"2,2'-METHYLENEBIS(6-T-BUTYL-4-METHYLPHENOL)",6.25,1.94,3.66,7.97,Oc(c(cc(c1)C)Cc(c(O)c(cc2C)C(C)(C)C)c2)c1C(C)(C)C
000119-56-2,"BENZENEMETHANOL, 4-CHLORO-.ALPHA.-PHENYL-",3.61,1.74,1.43,3.35,OC(c(cccc1)c1)c(ccc(c2)Cl)c2
000119-61-9,BENZOPHENONE,3.18,0.81,0.91,3.15,O=C(c(cccc1)c1)c(cccc2)c2
000119-64-2,TETRALIN,3.49,2.45,1.99,3.96,c(c(ccc1)CCC2)(c1)C2
000119-93-7,BIANISIDINE,2.34,1.46,1.1,3.02,Nc(c(cc(c(ccc(N)c1C)c1)c2)C)c2
000120-12-7,ANTHRACENE,4.45,2.78,2.73,4.35,c(c(ccc1)cc(c2ccc3)c3)(c1)c2
000120-52-5,"P,P'-DIBENZOYLQUINONEDIOXIME",4.28,0.8,2.6,4.28,c1ccccc1C(=O)ON=C2C=CC(=NOC(=O)c3ccccc3)C=C2
000120-54-7,DIPENTAMETHYLENE THIURAMTETRASULFIDE,2.8,0.9,1.46,4.43,N(C(=S)SSSSC(N(CCCC1)C1)=S)(CCCC2)C2
000120-71-8,2-METHOXY-5-METHYLBENZENAMINE,1.74,1.4,0.64,1.7,O(c(c(N)cc(c1)C)c1)C
000120-78-5,"2,2'-DITHIOBISBENZOTHIAZOLE",4.66,0.93,2.89,4.66,N(c(c(S1)ccc2)c2)=C1SSC(=Nc(c3ccc4)c4)S3
000120-82-1,"1,2,4-TRICHLOROBENZENE",4.02,3.32,2.4,3.93,c(ccc(c1Cl)Cl)(c1)Cl
000120-83-2,"2,4-DICHLOROPHENOL",3.06,1.53,1.26,2.8,Oc(c(cc(c1)Cl)Cl)c1
000121-44-8,TRIETHYLAMINE,1.45,0.69,0.42,1.51,N(CC)(CC)CC
000121-69-7,"N,N-DIMETHYLANILINE",2.31,0.86,1.08,2.17,N(c(cccc1)c1)(C)C
000121-73-3,3-CHLORO-NITROBENZENE,2.46,1.89,1.19,2.46,O=N(=O)c(cccc1Cl)c1
000121-75-5,MALATHION,2.36,0.54,1.12,2.29,CCOC(=O)CC(SP(=S)(OC)OC)C(=O)OCC
000121-82-4,"1,3,5,-TRINITROHEXAHYDRO-1,3,5-TRIAZINE",0.87,0.87,0.5,0.68,O=N(=O)N(CN(N(=O)=O)CN1N(=O)=O)C1
000122-14-5,FENITROTHION,3.3,2.39,1.84,3.3,COP(=S)(OC)Oc1ccc(N(=O)=O)c(C)c1
000122-20-3,TRIS (2-HYDROXYPROPYL) AMINE,-1.22,-0.24,0.5,-1.22,OC(C)CN(CC(O)C)CC(O)C
000122-34-9,SIMAZINE,2.18,0.7,0.66,2.4,n(c(nc(n1)NCC)NCC)c1Cl
000122-39-4,DIPHENYLAMINE,3.5,1.48,2,3.29,N(c(cccc1)c1)c(cccc2)c2
000123-63-7,PARALDEHYDE,0.67,0.48,0.5,0.7,O(C(OC(O1)C)C)C1C
000123-91-1,"1,4-DIOXANE",-0.27,-0.34,0.5,-0.32,O(CCOC1)C1
000124-11-8,ISONONENE,5.15,3.14,3.27,4.62,C(=C)CCCCCCC
000126-30-7,"2,2-DIMETHYL-1,3-PROPANEDIOL",0.16,0.95,0.5,0.16,OCC(CO)(C)C
000126-33-0,"TETRAHYDROTHIOPHENE-1,1-DIOXIDE",-0.77,1.11,0.5,-0.24,O=S(=O)(CCC1)C1
000126-72-7,"TRIS(2,3-DIBROMOPROPYL) PHOSPHATE",4.29,0.43,1.82,4.19,O=P(OCC(Br)CBr)(OCC(Br)CBr)OCC(Br)CBr
000126-73-8,TRIBUTYLPHOSPHATE,4,1.43,1.6,3.82,O=P(OCCCC)(OCCCC)OCCCC
000127-18-4,TETRACHLOROETHENE,3.4,1.69,1.92,2.97,C(=C(Cl)Cl)(Cl)Cl
000127-90-2,"2,3,3,3,2',3',3',3'-OCTACHLORODIPROPYLETHER",5.1,3.11,3.23,5.1,C(Cl)(Cl)(Cl)C(Cl)COCC(Cl)C(Cl)(Cl)Cl
000128-37-0,"2,6-DI-T-BUTYL-4-METHYLPHENOL (BHT)",5.1,2.89,2.78,5.03,Oc(c(cc(c1)C)C(C)(C)C)c1C(C)(C)C
000129-00-0,PYRENE,4.88,2.89,3.06,4.93,c(c(c(cc1)ccc2)c2cc3)(c1ccc4)c34
000129-43-1,1-HYDROXYANTHRAQUINONE,3.52,2.13,1.17,3.64,O=C(c(c(c(O)cc1)C(=O)c2cccc3)c1)c23
000131-09-9,2-CHLOROANTHRAQUINONE,3.99,2.22,1.53,3.99,O=C(c(c(C(=O)c1cccc2)ccc3Cl)c3)c12
000131-11-3,DIMETHYL PHTHALATE,1.56,1.76,0.5,1.66,O=C(OC)c(c(ccc1)C(=O)OC)c1
000131-52-2,"PENTACHLOROPHENOL, NA SALT",5.12,2.81,3.24,2.05,[Na]Oc1c(Cl)c(Cl)c(Cl)c(Cl)c1Cl
000131-57-7,"METHANONE, (2-HYDROXY-4-METHOXYPHENYL)PHENYL",3.79,1.86,1.38,3.52,O=C(c(cccc1)c1)c(c(O)cc(OC)c2)c2
000132-64-9,DIBENZOFURAN,4.12,3.13,2.47,3.71,o(c(c(c1cccc2)ccc3)c3)c12
000132-65-0,DIBENZOTHIOPHENE,4.38,3.04,2.67,4.17,s(c(c(c1cccc2)ccc3)c3)c12
000134-32-7,1-NAPHTHYLAMINE,2.25,1.2,1.03,2.25,c(c(c(N)cc1)ccc2)(c2)c1
000134-62-3,"DEET [N,N,-DIET-3-ME BENZAMIDE]",2.18,0.38,0.98,2.26,O=C(N(CC)CC)c(cccc1C)c1
000135-88-6,N-PHENYL-2-NAPHTHYLAMINE,4.38,2.17,2.67,4.47,N(c(ccc(c1ccc2)c2)c1)c(cccc3)c3
000137-26-8,THIRAM,1.7,0.53,0.61,1.7,N(C(=S)SSC(N(C)C)=S)(C)C
000141-93-5,M-DIETHYLBENZENE,4.57,2.72,2.82,4.07,c(cccc1CC)(c1)CC
000142-96-1,DI-N-BUTYL ETHER,3.21,1.77,1.77,3.01,O(CCCC)CCCC
000143-50-0,KEPONE,5.41,3.19,3.47,4.91,ClC2(Cl)C4(Cl)C1(Cl)C5(Cl)C(=O)C3(Cl)C1(Cl)C2(Cl)C3(Cl)C45Cl
000144-19-4,"2,2,4-TRIMETHYL-1,3-PENTANEDIOL",1.24,-0.16,0.25,1.49,OCC(C(O)C(C)C)(C)C
000149-30-4,2-MERCAPTOBENZOTHIAZOLE,2.42,0.9,1.16,2.86,N(c(c(S1)ccc2)c2)=C1S
000156-43-4,P-ETHOXYANILINE,1.24,1,0.25,1.65,O(c(ccc(N)c1)c1)CC
000208-96-8,ACENAPHTHYLENE,3.94,2.55,2.33,3.94,c1ccc2cccc3c2c1C=C3
000225-11-6,BENZ(A)ACRIDINE,4.49,2.03,2.76,4.49,c4ccc3nc2ccc1ccccc1c2cc3c4
000226-36-8,"DIBENZ(A,H)ACRIDINE",5.67,2,3.67,5.67,c1ccc4c(c1)ccc5nc2c(ccc3ccccc23)cc45
000260-94-6,ACRIDINE,3.4,2.1,1.92,3.32,n(c(c(ccc1)cc2cccc3)c1)c23
000294-62-2,CYCLODODECANE,6.12,3.64,4.01,6.12,C(CCCCCCCCCC1)C1
000298-00-0,PARATHION METHYL,2.86,1.92,1.5,2.75,COP(=S)(OC)Oc1ccc(cc1)N(=O)=O
000298-04-4,DISULFOTON,4.02,2.64,2.4,3.86,CCOP(=S)(OCC)SCCSCC
000298-06-6,"O,O-DIETHYLDITHIOPHOSPHATE",-0.77,0.7,0.5,2.24,O(P(OCC)(S)=S)CC
000298-07-7,BIS(2-ETHYLHEXYL)PHOSPHATE,6.07,0.61,1.69,6.07,O=P(OCC(CCCC)CC)(OCC(CCCC)CC)O
000299-84-3,RONNEL,4.88,4.64,3.06,4.86,COP(=S)(OC)Oc1cc(Cl)c(Cl)cc1Cl
000306-52-5,TRICHLOROETHYL PHOSPHATE,1.13,-0.1,0.17,1.13,O=P(OCC(Cl)(Cl)Cl)(O)O
000309-00-2,ALDRIN,6.5,3.57,4.31,6.75,ClC3=C(Cl)C4(Cl)C2C1CC(C=C1)C2C3(Cl)C4(Cl)Cl
000311-89-7,PERFLUOROTRIBUTYLAMINE,9.98,1.41,0.73,9.98,FC(F)(N(C(F)(F)C(F)(F)C(F)(F)C(F)(F)F)C(F)(F)C(F)(F)C(F)(F)C(F)(F)F)C(F)(F)C(F)(F)C(F)(F)F
000314-40-9,BROMACIL,2.11,1.68,0.92,1.68,N1C(=O)N(C(C)CC)C(=O)C(Br)=C1C
000315-18-4,MEXACARBATE,2.56,1.42,1.27,2.44,CNC(=O)Oc1cc(C)c(N(C)C)c(C)c1
000319-84-6,alpha-HEXACHLOROCYCLOHEXANE,3.8,2.85,2.23,4.26,C(C(C(C(C1Cl)Cl)Cl)Cl)(C1Cl)Cl
000319-85-7,BETA-HEXACHLOROCYLCOHEXANE,3.78,2.47,2.21,4.26,C(C(C(C(C1Cl)Cl)Cl)Cl)(C1Cl)Cl
000319-86-8,DELTA-HEXACHLOROCYCLOHEXANE,4.14,2.45,2.49,4.26,C(C(C(C(C1Cl)Cl)Cl)Cl)(C1Cl)Cl
000330-54-1,DIURON,2.68,2,1.36,2.67,O=C(N(C)C)Nc(ccc(c1Cl)Cl)c1
000330-55-2,LINURON,3.2,1.24,1.76,2.91,O=C(N(OC)C)Nc(ccc(c1Cl)Cl)c1
000333-41-5,DIAZINON,3.81,1.81,2.23,3.86,O(P(OCC)(Oc(nc(nc1C)C(C)C)c1)=S)CC
000346-10-1,"2-FLUOROBUTANAMIDE-5-[2-(2,4-DI-T-AMYLPHENOX",10.15,0.47,0.5,10.15,CC(c2ccc(c(c2)C(C)(C)CC)OC(CC)C(=O)Nc1cc(c(cc1)NC(=O)C(C(C(F)(F)F)(F)F)(F)F)O)(C)CC
000461-58-5,2-CYANOGUANIDINE,-1.15,0.49,0.5,-1.26,NC(=NC(#N))N
000462-08-8,3-AMINOPYRIDINE,0.11,0.32,0.5,-0.11,n(cccc1N)c1
000479-27-6,"1,8-NAPHTHALENEDIAMINE",1.78,0.69,0.67,1.34,c(c(c(N)cc1)c(N)cc2)(c1)c2
000482-89-3,INDIGO,3.72,0.4,1.32,3.11,O=C(c(c(N1)ccc2)c2)C1=C(Nc(c3ccc4)c4)C3=O
000500-28-7,3-CHLORO-DIMETHYL PARATHION,3.45,2.61,1.96,3.39,COP(=S)(OC)Oc1ccc(N(=O)=O)c(Cl)c1
000504-03-0,"2,6-DIMETHYLPIPERIDINE",1.53,0.7,0.48,2.02,N(C(CCC1)C)C1C
000504-24-5,4-AMINOPYRIDINE,0.26,0.56,0.5,-0.11,n(ccc(N)c1)c1
000504-29-0,2-AMINOPYRIDINE,0.48,1.06,0.5,0.53,n(c(N)ccc1)c1
000510-15-6,CHLOROBENZILATE,4.74,2.63,2.95,3.99,O=C(OCC)C(O)(c(ccc(c1)Cl)c1)c(ccc(c2)Cl)c2
000512-56-1,TRIMETHYL PHOSPHATE,-0.65,0.15,0.5,-0.6,O=P(OC)(OC)OC
000520-45-6,DEHYDROACETIC ACID,0.78,2.11,0.5,0.78,O=C(OC(=CC1=O)C)C1C(=O)C
000526-73-8,"1,2,3-TRIMETHYLBENZENE",3.66,2.27,2.12,3.63,c(c(c(cc1)C)C)(c1)C
000527-20-8,PENTACHLOROANILINE,4.82,2.56,3.01,4.3,Nc1c(Cl)c(Cl)c(Cl)c(Cl)c1Cl
000527-60-6,"2,4,6-TRIMETHYLPHENOL",2.73,0.67,1.4,3.15,Oc(c(cc(c1)C)C)c1C
000534-52-1,"4,6-DINITRO-O-CRESOL",2.12,0.16,0.93,2.27,O=N(=O)c(cc(N(=O)=O)c(O)c1C)c1
000535-77-3,M-CYMENE,4.5,2.71,2.76,4,c(cccc1C(C)C)(c1)C
000540-59-0,"1,2-DICHLOROETHANE",1.86,0.3,0.73,1.98,C(=CCl)Cl
000541-73-1,"1,3-DICHLOROBENZENE",3.53,1.99,2.02,3.28,c(cccc1Cl)(c1)Cl
000542-18-7,CHLOROCYCLOHEXANE,3.36,2.31,1.89,3.36,C(CCCC1)(C1)Cl
000544-01-4,DIISOPENTYL ETHER,4.25,2.17,2.57,3.85,O(CCC(C)C)CCC(C)C
000544-76-3,N-HEXADECANE,8.25,1.31,1.6,8.2,C(CCCCCCCCCCCCCC)C
000554-00-7,"2,4-DICHLOROANILINE",2.78,1.98,1.44,2.37,Nc(c(cc(c1)Cl)Cl)c1
000554-84-7,3-NITROPHENOL,2,1.4,0.84,1.91,O=N(=O)c(cccc1O)c1
000555-03-3,M-NITROANISOLE,2.16,0.68,0.96,1.89,O=N(=O)c(cccc1OC)c1
000563-04-2,"PHOSPHORIC ACID, TRIS(3-METHYLPHENYL) ESTER",6.34,2.91,3.4,6.34,O=P(Oc(cccc1C)c1)(Oc(cccc2C)c2)Oc(cccc3C)c3
000576-24-9,"2,3-DICHLOROPHENOL",2.84,1.07,1.09,2.8,Oc(c(c(cc1)Cl)Cl)c1
000577-55-9,o-DIISOPROPYLBENZENE,4.9,2.14,3.07,4.9,c(c(ccc1)C(C)C)(c1)C(C)C
000579-10-2,N-METHYLACETANILIDE,1.12,0.23,0.16,0.93,O=C(N(c(cccc1)c1)C)C
000583-39-1,O-PHENYLENETHIOUREA,1.66,0.41,0.58,1.93,N(c(c(N1)ccc2)c2)=C1S
000583-78-8,"2,5-DICHLOROPHENOL",3.06,0.94,1.26,2.8,Oc(c(ccc1Cl)Cl)c1
000591-20-8,M-BROMOPHENOL,2.63,1.2,1.33,2.4,Oc(cccc1Br)c1
000591-27-5,3-AMINOPHENOL,0.21,1.6,0.5,0.24,Oc(cccc1N)c1
000591-35-5,"3,5-DICHLOROPHENOL",3.62,1.63,1.69,2.8,Oc1cc(Cl)cc(Cl)c1
000606-28-0,"BENZOIC ACID, 2-BENZOYL-, METHYL ESTER",2.7,0.76,0.54,2.98,O=C(OC)c(c(ccc1)C(=O)c(cccc2)c2)c1
000607-99-8,"2,4,6-TRIBROMOANISOLE",4.48,2.94,2.75,4.74,O(c(c(cc(c1)Br)Br)c1Br)C
000608-73-1,"1,2,3,4,5,6-HEXACHLOROCYCLOHEXANE",4.26,2.7,2.58,4.26,ClC1C(Cl)C(Cl)C(Cl)C(Cl)C1Cl
000608-93-5,PENTACHLOROBENZENE,5.17,3.92,3.28,5.22,c(c(c(c(c1Cl)Cl)Cl)Cl)(c1)Cl
000609-89-2,"2,4-DICHLORO-6-NITROPHENOL",3.02,1.13,1.23,3.2,Oc1c(Cl)cc(Cl)cc1N(=O)=O
000610-39-9,"1,2-DINO2 4-METHYL BENZENE",2.08,0.43,0.9,2.18,O=N(=O)c(c(N(=O)=O)ccc1C)c1
000611-06-3,"2,4-DICHLORONITROBENZENE",3.07,2.08,1.66,3.1,O=N(=O)c(c(cc(c1)Cl)Cl)c1
000611-21-2,N-METHYL-O-TOLUIDINE,2.16,0.59,0.96,2.17,N(c(c(ccc1)C)c1)C
000612-22-6,2-ETHYLNITROBENZENE,2.58,0.83,1.29,2.85,CCc1ccccc1N(=O)=O
000612-83-9,"3,3'-DICHLOROBENZIDINE DIHYDROCHLORIDE",3.51,2.44,2,0.45,N(H)(H)(H)(Cl)c1c(Cl)cc(c2c(Cl)cc(N(H)(H)(H)Cl)cc2)cc1
000615-54-3,"1,2,4-TRIBROMOBENZENE",4.66,3.35,2.89,4.66,c(ccc(c1Br)Br)(c1)Br
000615-59-8,"1,4-DIBROMOTOLUENE",4.32,2.67,2.63,4.32,c(ccc(c1C)Br)(c1)Br
000615-74-7,"PHENOL, 2-CHLORO-5-METHYL-",2.9,0.52,1.53,2.7,Oc(c(ccc1C)Cl)c1
000616-44-4,3-METHYLTHIOPHENE,2.34,0.58,1.1,2.36,C1(C)=CSC=C1
000618-62-2,"1,3-DICHLORO-5-NITROBENZENE",3.09,2.15,1.68,3.1,O=N(=O)c(cc(cc1Cl)Cl)c1
000622-57-1,N-ETHYL-P-TOLUIDINE,2.32,0.34,1.09,2.66,N(c(ccc(c1)C)c1)CC
000623-26-7,"1,4-BENZENEDICARBONITRILE",0.93,0.24,0.5,1.09,N#Cc(ccc(C#N)c1)c1
000626-17-5,"1,3-DICYANOBENZENE",0.8,0.75,0.5,1.09,N#Cc(cccc1C#N)c1
000626-39-1,"1,3,5-TRIBROMOBENZENE",4.51,3.23,2.77,4.66,c(cc(cc1Br)Br)(c1)Br
000626-67-5,N-METHYLPIPERIDINE,1.3,0.61,0.3,1.4,N(CCCC1)(C1)C
000629-62-9,N-PENTADECANE,7.71,1.21,2.34,7.71,C(CCCCCCCCCCCCC)C
000634-66-2,"1,2,3,4-TETRACHLOROBENZENE",4.6,3.38,2.84,4.57,c(c(c(c(c1)Cl)Cl)Cl)(c1)Cl
000634-90-2,"1,2,3,5-TETRACHLOROBENZENE",4.56,3.56,2.81,4.57,c(cc(c(c1Cl)Cl)Cl)(c1)Cl
000634-93-5,"2,4,6-TRICHLOROANILINE",3.52,2.33,2.01,3.01,Nc(c(cc(c1)Cl)Cl)c1Cl
000636-28-2,"1,2,4,5-TETRABROMOBENZENE",5.13,3.38,3.25,5.55,c(c(cc(c1Br)Br)Br)(c1)Br
000639-58-7,TRIPHENYLTIN CHLORIDE,2.83,2.86,2.88,3.93,Cl[Sn](c1ccccc1)(c2ccccc2)c3ccccc3
000680-31-9,HEXAMETHYLPHOSPHORAMIDE,0.28,-0.15,0.5,-0.22,O=P(N(C)C)(N(C)C)N(C)C
000683-18-1,DIBUTYLDICHLORO STANNANE,0.9,1.61,2,1.89,Cl[Sn](Cl)(CCCC)CCCC
000696-44-6,"BENZENAMINE, N,3-DIMETHYL-",2.19,0.55,0.99,2.17,N(c(cccc1C)c1)C
000709-98-8,PROPANIL,3.07,1.84,1.66,2.88,CCC(=O)Nc1ccc(Cl)c(Cl)c1
000732-11-6,PHOSMET,2.78,0.9,1.44,2.48,COP(=S)(OC)SCN2C(=O)c1ccccc1C2=O
000732-26-3,"2,4,6-TRI(TERT-BUTYL)PHENOL",6.06,4.01,3.52,6.39,Oc(c(cc(c1)C(C)(C)C)C(C)(C)C)c1C(C)(C)C
000760-23-6,"3,4-DICHLORO-1-BUTENE",2.6,0.29,1.3,2.6,C(C(Cl)CCl)=C
000764-13-6,"2,5-DIMETHYL-2,4-HEXADIENE",3.5,2.3,2,3.95,C(=CC=C(C)C)(C)C
000782-74-1,"2,2'-DICHLOROHYDRAZOBENZENE",5.1,3.64,3.23,4.34,N(Nc(c(ccc1)Cl)c1)c(c(ccc2)Cl)c2
000789-02-6,"O,P'-DDT",6.79,4.57,4.53,6.79,Clc1ccc(cc1)C(c2ccccc2Cl)C(Cl)(Cl)Cl
000791-31-1,TRIPHENYLSILANOL,4.79,2.86,2.99,4.79,O[Si](c1ccccc1)(c2ccccc2)c3ccccc3
000839-90-7,"1,3,5-TRIS(2'-HYDROXYETHYL) ISOCYANURIC ACID",0.07,0.2,0.5,0.07,O=C(N(C(=O)N(C1=O)CCO)CCO)N1CCO
000879-39-0,"2,3,4,5-TETRACHLORONITROBENZENE",3.93,1.87,2.33,4.39,Clc1cc(N(=O)=O)c(Cl)c(Cl)c1Cl
000920-66-1,"1,1,1,3,3,3-HEXAFLUOROPROPAN-2-OL",1.66,0.27,0.58,1.11,FC(F)(F)C(O)C(F)(F)F
000935-95-5,"2,3,5,6-TETRACHLOROPHENOL",4.39,2.15,2.28,4.09,Oc1c(Cl)c(Cl)cc(Cl)c1Cl
000947-04-6,AZACYCLOTRIDECAN-2-ONE,2.92,0.41,1.55,3.61,O=C(NCCCCCCCCCC1)C1
000947-72-8,9-CHLOROPHENANTHRENE,4.99,3.38,3.62,4.99,Clc(cc(ccc1)c2c1)c(ccc3)c2c3
000950-37-8,METHIDATHION,2.42,0.4,1.16,1.58,S=P(OC)(OC)SCN1C(=O)SC(OC)=N1
000959-98-8,A-ENDOSULFAN,3.83,4.04,2.25,3.5,ClC1=C(Cl)C2(Cl)C(Cl)(Cl)C1(Cl)C3C2COS(=O)OC3
000961-11-5,STIROFOS,3.53,1.59,1.24,3.81,COP(=O)(OC)OC(=CCl)c1cc(Cl)c(Cl)cc1Cl
000994-31-0,TRIETHYLTIN CHLORIDE,0.57,1.73,2,1.75,CC[Sn](Cl)(CC)CC
001014-70-6,SIMETRYN,2.8,0.31,1.14,2.9,CCNc1nc(NCC)nc(SC)n1
001024-57-3,HEPTACHLOR EPOXIDE,4.98,4.16,3.13,4.56,ClC2C1OC1C3C2C4(Cl)C(=C(Cl)C3(Cl)C4(Cl)Cl)Cl
001066-45-1,CHLOROTRIMETHYL STANNANE,-0.29,2,2,0.28,C[Sn](C)(C)Cl
001067-97-6,TRIBUTYLTIN HYDROXIDE,3.14,3.57,3.12,4.24,O[Sn](CCCC)(CCCC)CCCC
001074-24-4,"2,5-DIBROMOXYLENE",4.87,3.16,3.05,4.87,c(c(cc(c1Br)C)Br)(c1)C
001116-76-3,TRI(N-OCTYL)AMINE,10.35,1.78,0.5,10.35,N(CCCCCCCC)(CCCCCCCC)CCCCCCCC
001163-19-5,DECABROMODIPHENYL ETHER,10.18,0.3,0.5,12.11,O(c(c(c(c(c1Br)Br)Br)Br)c1Br)c(c(c(c(c2Br)Br)Br)Br)c2Br
001212-29-9,"THIOUREA, N,N'-DICYCLOHEXYL-",3.69,0.64,2.14,4.16,N(C(=S)NC(CCCC1)C1)C(CCCC2)C2
001241-94-7,2-ETHYLHEXYL DIPHENYL PHOSPHATE,5.73,2.46,2.93,6.3,O=P(Oc1ccccc1)(Oc2ccccc2)OCC(CC)CCCC
001321-74-0,DIVINYLBENZENE (m- (or p-)),4.16,2.51,2.5,3.8,C=Cc1ccccc1C=C
001330-78-5,TRICRESYL PHOSPHATE,5.11,2.22,2.45,6.34,O=P(Oc1ccccc1C)(Oc2ccccc2C)Oc3ccccc3C
001420-06-0,TRIFENMORPH,4.21,3.11,2.54,4.21,C1CN(CCO1)C(c2ccccc2)(c3ccccc3)c4ccccc4
001445-75-6,"PHOSPHONIC ACID, METHYL- DIISOPROPYL ESTER",1.03,0,0.09,1.23,O=P(OC(C)C)(OC(C)C)C
001460-02-2,"1,3,5-TRI-TERT-BUTYLBENZENE",7.72,4.28,3.82,7.72,c(c(cc1C(C)(C)C)C(C)(C)C)c(c1)C(C)(C)C
001461-22-9,TRIBUTYLCHLOROSTANNANE,3.68,3.03,3.53,4.7,Cl[Sn](CCCC)(CCCC)CCCC
001461-25-2,TETRABUTYLTIN,9.37,2.3,2,9.37,CCCC[Sn](CCCC)(CCCC)CCCC
001477-55-0,"1,3-BIS(AMINOETHYL)BENZENE",0.15,0.43,0.5,0.15,NCc(cccc1CN)c1
001502-22-3,"CYCLOHEXANONE, 2-(1-CYCLOHEXEN-1-YL)-",3.17,0.52,1.74,3.73,O=C(C(C(=CCCC1)C1)CCC2)C2
001570-64-5,2-METHYL-4-CHLOROPHENOL,2.63,0.98,1.33,2.7,Oc(c(cc(c1)Cl)C)c1
001582-09-8,TRIFLURALIN,5.34,3.62,3.41,5.31,CCCN(CCC)c1c(cc(cc1N(=O)=O)C(F)(F)F)N(=O)=O
001623-19-4,TRIALLYLPHOSPHATE,1.76,-0.08,0.12,1.94,O=P(OCC=C)(OCC=C)OCC=C
001631-58-9,"4-(N,N-DIMETHYLAMINO)-1,2-DITHIOLANE",1.38,1.71,0.36,1.38,CN(C)C1CSSC1
001634-04-4,t-BUTYL METHYL ETHER,0.94,0.18,0.5,1.43,O(C(C)(C)C)C
001689-84-5,"2,6-DIBROMO-4-CYANOPHENOL",3.39,1.67,1.51,3.39,Oc1c(Br)cc(C#N)cc1Br
001712-70-5,4-ISOPROPENYL-CHLOROBENZENE,4.62,2.81,2.86,4.09,c1cc(Cl)ccc1C(C)=C
001746-01-6,"2,3,7,8-TETRACHLORODIBENZO-P-DIOXIN",6.8,3.76,4.54,6.92,Clc3cc2Oc1cc(Cl)c(Cl)cc1Oc2cc3Cl
001746-81-2,MONOLINURON,2.3,1.15,1.07,2.26,O=C(N(OC)C)Nc(ccc(c1)Cl)c1
001779-48-2,PHENYLPHOSPHINIC ACID,0.04,0.65,0.5,0.04,O=P(O)c(cccc1)c1
001805-32-9,"3,4-DICHLOROBENZYL ALCOHOL",2.74,0.45,0.76,2.36,c1c(Cl)c(Cl)ccc1CO
001806-26-4,P-OCTYLPHENOL,5.5,1.61,2.54,5.5,Oc(ccc(c1)CCCCCCCC)c1
001825-31-6,"1,4-DICHLORONAPHTHALENE",4.66,3.75,3.51,4.46,c(c(c(cc1)Cl)ccc2)(c1Cl)c2
001836-77-7,CHLORNITROFEN,4.97,3.04,3.13,4.96,Clc2cc(Cl)c(Oc1ccc(cc1)N(=O)=O)c(Cl)c2
001843-05-6,2-HYDROXY-4-N-OCTOXYBENZOPHENONE,6.96,1.71,2.32,6.96,O=C(c(cccc1)c1)c(c(O)cc(OCCCCCCCC)c2)c2
001897-45-6,CHLOROTHANONIL,3.05,1.11,1.65,3.66,N#Cc(c(c(c(c1C#N)Cl)Cl)Cl)c1Cl
001912-24-9,ATRAZINE,2.61,0.9,0.99,2.82,n(c(nc(n1)NC(C)C)NCC)c1Cl
002008-58-4,"2,6-DICHLOROBENZAMIDE",0.77,1.15,0.5,0.9,NC(=O)c1c(Cl)cccc1Cl
002032-59-9,AMINOCARB,1.9,0.23,0.76,1.9,CNC(=O)Oc1ccc(N(C)C)c(C)c1
002042-14-0,3-NITRO-P-CRESOL,2.18,0.97,0.98,2.46,c1c(O)ccc(C)c1N(=O)=O
002050-68-2,"4,4'-DICHLOROBIPHENYL",5.23,4.15,3.95,5.05,Clc1ccc(cc1)c2ccc(Cl)cc2
002050-76-2,"2,4-DICHLORO-1-NAPHTHOL",4.23,1.05,2.16,3.98,Oc(c(c(c(c1)Cl)ccc2)c2)c1Cl
002051-24-3,DECACHLOROBIPHENYL,8.27,4,3.69,10.2,Clc1c(Cl)c(Cl)c(c(Cl)c1Cl)c2c(Cl)c(Cl)c(Cl)c(Cl)c2Cl
002051-62-9,4-CHLOROBIPHENYL,4.61,3.26,2.85,4.4,Clc1ccc(cc1)c2ccccc2
002104-64-5,EPN,4.78,2.86,2.98,4.47,CCOP(=S)(Oc1ccc(cc1)N(=O)=O)c2ccccc2
002104-96-3,BROMOPHOS,5.21,4.65,3.31,5.11,COP(=S)(OC)Oc1cc(Cl)c(Br)cc1Cl
002173-57-1,2-NAPHTHYLISOBUTYL ETHER,4.65,2.77,2.88,4.65,O(c(ccc(c1ccc2)c2)c1)CC(C)C
002212-67-1,MOLINATE,3.21,1.4,1.77,2.91,CCSC(=O)N1CCCCCC1
002216-51-5,L-MENTHOL,3.3,0.85,1.84,3.38,OC(C(CCC1C)C(C)C)C1
002216-69-5,"NAPHTHALENE, 1-METHOXY-",3.45,2.19,1.96,3.25,O(c(c(c(ccc1)cc2)c1)c2)C
002234-13-1,OCTACHLORONAPHTHALENE,8.24,2.52,3.73,8.33,c(c(c(c(c1Cl)Cl)Cl)c(c(c2Cl)Cl)Cl)(c1Cl)c2Cl
002243-62-1,"1,5-DIAMINONAPHTHALENE",0.89,0.65,0.5,1.34,Nc1cccc2c(N)cccc12
002279-76-7,CHLOROTRIPROPYL STANNANE,1.72,2.01,2,3.23,Cl[Sn](CCC)(CCC)CCC
002385-85-5,MIREX,6.89,4.26,4.61,7.01,ClC2(Cl)C4(Cl)C1(Cl)C5(Cl)C(Cl)(Cl)C3(Cl)C1(Cl)C2(Cl)C3(Cl)C45Cl
002436-93-3,"6,8-DIMETHYLQUINOLINE",3.24,1.4,1.79,3.24,c12ncccc1cc(C)cc2C
002446-69-7,4-HEXYLPHENOL,4.52,2.32,2.78,4.52,Oc(ccc(c1)CCCCCC)c1
002460-49-3,"4,5-DICHLOROGUAIACOL",3.26,2.03,1.41,2.63,COc1cc(Cl)c(Cl)cc1O
002463-84-5,DICAPTHON,3.58,2.95,2.06,3.39,COP(=S)(OC)Oc1ccc(cc1Cl)N(=O)=O
002498-66-0,"BENZ (A) ANTHRACENE-7,12-DIONE",4.4,1.66,1.85,4.52,O=C(c(c(c(c(c1)ccc2)c2)C(=O)c3cccc4)c1)c34
002531-84-2,2-METHYLPHENANTHRENE,4.86,3.48,3.52,4.89,c1cc2c3ccc(C)cc3ccc2cc1
002539-17-5,TETRACHLOROGUAIACOL,4.59,2.6,2.43,3.92,COc1c(O)c(Cl)c(Cl)c(Cl)c1Cl
002581-34-2,3-METHYL-4-NITROPHENOL,2.48,1.01,1.21,2.46,O=N(=O)c(c(cc(O)c1)C)c1
002597-03-7,FENTHOATE,3.69,1.56,2.14,3.47,CCOC(=O)C(SP(=S)(OC)OC)c1ccccc1
002631-40-5,N-METHYL-2-ISOPROPYLPHENYLCARBAMATE,2.31,0.79,1.08,2.37,O=C(Oc(c(ccc1)C(C)C)c1)NC
002655-14-3,"N-ME-3,5-DIMETHYLPHENYL CARBAMATE",2.23,0.28,1.02,2.27,CNC(=O)Oc1cc(C)cc(C)c1
002668-24-8,"4,5,6-TRICHLOROGUAIACOL",3.72,1.97,1.76,3.27,COc1cc(Cl)c(Cl)c(Cl)c1O
002668-47-5,"3,5-DI-TERT-BUTYLBIPHENYL-4-OL",6.25,3.73,3.66,6.25,Oc(c(cc(c(cccc1)c1)c2)C(C)(C)C)c2C(C)(C)C
002814-20-2,2-ISOPROPYL-4-METHYL-6-HYDROXYPYRIMIDINE,2.21,0.25,1,2.21,n(c(O)cc(n1)C)c1C(C)C
002885-00-9,1-OCTADECANETHIOL,9.12,0.45,0.5,9.12,SCCCCCCCCCCCCCCCCCC
002921-88-2,CHLORPYRIFOS,4.96,3.23,3.12,4.66,CCOP(=S)(OCC)Oc1nc(Cl)c(Cl)cc1Cl
003089-11-0,N-HEXAMETHYLOLMELAMINE HEXAMETHYLETHER,1.61,0.28,0.22,1.61,O(CN(c(nc(nc1N(COC)COC)N(COC)COC)n1)COC)C
003194-55-6,HEXABROMOCYCLODODECANE,7.74,4.26,3.8,7.74,BrC(C(Br)CCC(Br)C(Br)CCC(Br)C(Br)C1)C1
003209-22-1,"2,3-DICHLORONITROBENZENE",3.05,2.15,1.65,3.1,O=N(=O)c(c(c(cc1)Cl)Cl)c1
003229-00-3,"PROPANE, 1,3-DIBROMO-2,2-BIS(BROMOMETHYL)-",3.99,2.56,2.37,4.06,BrCC(CBr)(CBr)CBr
003268-87-9,"1,2,3,4,6,7,8,9-OCTACHLORODIBENZO-P-DIOXIN",8.2,3.35,3.17,9.5,Clc3c(Cl)c(Cl)c2Oc1c(Cl)c(Cl)c(Cl)c(Cl)c1Oc2c3Cl
003296-90-0,"1,3-PROPANEDIOL, 2,2-BIS(BRME)-",1.06,0.68,0.12,0.85,OCC(CBr)(CBr)CO
003319-31-1,TRIS(2-ETHYLHEXYL) TRIMELLITATE,11.59,0.22,0.5,11.59,O=C(OCC(CCCC)CC)c(ccc(c1C(=O)OCC(CCCC)CC)C(=O)OCC(CCCC)CC)c1
003380-34-5,"5-CHLORO-2-(2,4-DICHLOROPHENOXY)PHENOL",4.76,1.57,2.57,4.66,O(c(c(O)cc(c1)Cl)c1)c(c(cc(c2)Cl)Cl)c2
003389-71-7,"1,2,3,4,7,7-HEXACHLORO-2,5-NORBORNADIENE",5.28,3.81,3.37,5.15,C(=C(C(C1(Cl)Cl)(C=C2)Cl)Cl)(C12Cl)Cl
003520-72-7,PIGMENT ORANGE-13,9.55,0.45,1,9.55,O=C(N(N=C1C)c(cccc2)c2)C1N=Nc(c(cc(c(ccc(N=NC(C(=O)N(N=3)c(cccc4)c4)C3C)c5Cl)c5)c6)Cl)c6
003648-21-3,DIHEPTYL PHTHALATE,7.56,1.01,2.44,7.56,O=C(OCCCCCCC)c(c(ccc1)C(=O)OCCCCCCC)c1
003766-81-2,N-ME O-SEC-BUPHENYL CARBAMATE,2.78,1.41,1.44,2.86,O=C(Oc(c(ccc1)C(CC)C)c1)NC
003811-49-2,SALITHION,2.67,1.88,1.36,2.87,c1ccc2COP(=S)(OC)Oc2c1
003864-99-1,"2-(2'-HYDROXY-3',5'-DI-T-BUTYLPHENYL)-5-CHLO",6.91,0.9,4.17,6.91,Oc(c(cc(c1)C(C)(C)C)C(C)(C)C)c1n(nc(c2cc(c3)Cl)c3)n2
004101-68-2,"1,2-DIBROMODECANE",6.12,1.56,2.51,5.94,BrCCCCCCCCCCBr
004130-42-1,"2,6-DI-T-BUTYL-4-ETHYLPHENOL",5.52,3.33,3.1,5.52,Oc(c(cc(c1)CC)C(C)(C)C)c1C(C)(C)C
004162-45-2,ETHOXYLATED TETRABROMOBISPHENOL A,6.78,1.45,3.87,6.78,O(c(c(cc(c1)C(c(cc(c(OCCO)c2Br)Br)c2)(C)C)Br)c1Br)CCO
004390-04-9,"2,2,4,4,6,8,8-HEPTAMETHYLNONANE",7.79,1.68,3.73,7.79,C(CC(CC(CC(C)(C)C)C)(C)C)(C)(C)C
004821-19-6,"2,6-DICYCLOEHXYLPHENOL",6.3,2.83,4.15,6.3,C1(c2c(O)c(C3CCCCC3)ccc2)CCCCC1
004883-72-1,N-CYCLOHEXYL-N-NITROSO HYDROXYLAMINE,1.4,0.62,0.38,1.04,O=NN(C1CCCCC1)O
004901-51-3,"2,3,4,5-TETRACHLOROPHENOL",4.21,2.15,2.14,4.09,Oc1cc(Cl)c(Cl)c(Cl)c1Cl
004904-61-4,"1,5,9-CYCLODODECATRIENE",5.5,3.73,3.54,5.48,C(=CCCC=CCCC=CC1)C1
005103-71-9,ALPHA-CHLORDANE,6.1,1.2,4,6.26,ClC1CC2C(C1Cl)C3(Cl)C(=C(Cl)C2(Cl)C3(Cl)Cl)Cl
005103-74-2,ALPHA-CHLORDANE,6.22,4.45,4.09,6.26,ClC1CC2C(C1Cl)C3(Cl)C(=C(Cl)C2(Cl)C3(Cl)Cl)Cl
005124-25-4,C.I. DISPERSE YELLOW 42,4.6,1.6,2.84,4.33,O=S(=O)(Nc(cccc1)c1)c(ccc(Nc(cccc2)c2)c3N(=O)=O)c3
005428-54-6,"PHENOL, 2-METHYL-5-NITRO-",2.47,0.74,1.2,2.46,O=N(=O)c(ccc(c1O)C)c1
005510-99-6,"2,6-DI-SEC-BUTYLPHENOL",4.36,2.52,2.66,4.56,CCC(C)c1cccc(C(C)CC)c1O
005566-34-7,GAMMA-CHLORDANE,6,4.18,3.92,7,ClC12C(Cl)(Cl)C(C3C2CC(Cl)(Cl)C3)(Cl)C(Cl)=C1Cl
005586-15-2,DI-2-NAPHTHYL DISULFIDE,6.66,0.49,4.43,6.66,c(c(ccc1)ccc2SSc(ccc(c3ccc4)c4)c3)(c1)c2
006358-85-6,PIGMENT YELLOW-12,7.05,0.56,1,7.05,O=C(Nc(cccc1)c1)C(N=Nc(c(cc(c(ccc(N=NC(C(=O)C)C(=O)Nc(cccc2)c2)c3Cl)c3)c4)Cl)c4)C(=O)C
006731-36-8,"1,1-BIS(TERT-BUTYLDIOXY)-3,3,5-TRIMETHYL CYC",6.53,3.91,4.33,7.56,O(OC(C)(C)C)C(OOC(C)(C)C)(CC(CC1(C)C)C)C1
006842-15-5,TETRAPROPYLENE,5.87,3.17,3.82,5.8,CC(C)CC(C)CC(C)C=CC
007580-85-0,2-t-BUTOXY ETHANOL,0.39,-0.22,0.5,0.46,OCCOC(C)(C)C
007745-89-3,3-CHLORO-P-TOLUIDINE HYDROCHLORIDE,2.27,1.88,1.05,2.27,Nc1cc(Cl)c(C)cc1
007756-94-7,TRIISOBUTYLENE,5,3.25,3.15,6.01,CC(C)CCC(C)CCC(C)=C
010075-50-0,5-BROMOINDOLE,3,1.15,1.61,2.94,Brc2ccc1nccc1c2
010315-98-7,N-ISOBUTYLMORPHOLINE,1.17,0.24,0.2,1.05,C1COCCN1CC(C)C
010496-18-1,DIDECYL DISULFIDE,10.71,1.65,0.5,10.71,CCCCCCCCCCSSCCCCCCCCCC
010605-21-7,CARBENDAZIM,1.52,1.82,0.47,1.55,c1ccc2nc(NC(=O)OC)nc2c1
012002-48-1,TRICHLOROBENZENES,4.11,2.97,2.46,3.93,Clc1cc(cc(c1)Cl)Cl
012217-77-5,DISPERSE BLUE 54,4.68,1.28,2.06,6.38,c1cc(N(=O)=O)c2C(=O)c3c(Nc4ccccc4)ccc(O)c3C(=O)c2c1O
012789-03-6,CHLORDANE,6.16,4,4.04,6.26,ClC(C(Cl)C1)C(C1C2(Cl)C=3Cl)C(Cl)(C3Cl)C2(Cl)Cl
013029-08-8,"2,2'-DICHLOROBIPHENYL",4.97,3.83,3.75,5.05,Clc1ccccc1c2ccccc2Cl
013116-53-5,"PROPANE, 1,2,2,3-TETRACHLORO-",2.72,1.53,1.39,3.42,C(CCl)(CCl)(Cl)Cl
013358-11-7,N-(2-ETHYLHEXYL)-1-ISOPROPYL-4-METHYLBICYCLO,5.96,2.86,3.89,6.07,C1=CC(C(C)C)(CC2)C3C(=O)N(CC(CC)CCCC)C(=O)C3C12C
013540-50-6,PHENYL XYLYLMETHANE,5.65,3.03,3.65,5.11,c1ccccc1Cc2cc(C)ccc2C
013560-89-9,DODECACHLORO DODECAHYDRO DIMETHANODIBENZO CY,11.95,1.57,0.5,11.27,C(=C(C(C1(Cl)Cl)(C(C2CCC(C(C(=C(C34Cl)Cl)Cl)(C3(Cl)Cl)Cl)C4C5)C5)Cl)Cl)(C12Cl)Cl
013654-09-6,DECABROMOBIPHENYL,12.66,0.6,0.5,12.66,c(c(c(c(c1Br)Br)Br)Br)(c1c(c(c(c(c2Br)Br)Br)Br)c2Br)Br
013674-84-5,"2-PROPANOL, 1-CHLORO-, PHOSPHATE (3:1)",2.59,0.48,0.51,2.89,O=P(OC(CCl)C)(OC(CCl)C)OC(CCl)C
013674-87-8,"TRIS(1,3-DICHLOROISOPROPYL) PHOSPHATE",3.65,1.86,1.33,3.65,O=P(OC(CCl)CCl)(OC(CCl)CCl)OC(CCl)CCl
013936-21-5,2-PENTYLANTHRAQUINONE,5.86,2.89,2.97,5.86,O=C(c(c(C(=O)c1cccc2)ccc3CCCCC)c3)c12
014816-18-3,PHOXIM,4.39,2.9,2.68,4.39,CCOP(=S)(OCC)ON=C(C(#N))c1ccccc1
015258-73-8,"BENZENEMETHANOL, 2,6-DICHLORO-",2.02,0.19,0.21,2.36,c1c(Cl)c(CO)c(Cl)cc1
015862-07-4,"2,4,5-Trichlorobiphenyl",5.81,3.78,4.39,5.69,Clc1cc(Cl)c(cc1Cl)c2ccccc2
015972-60-8,ALACHLOR,3.52,1.7,2.01,3.37,CCc1cccc(CC)c1N(COC)C(=O)CCl
016219-75-3,ETHYLIDENE NORBORNENE,3.82,2,2.24,3.67,C(C(C=CC12)C1)(=CC)C2
016606-02-3,"2,4',5-TRICHLOROBIPHENYL",5.69,4.63,4.3,5.69,Clc1ccc(cc1)c2cc(Cl)ccc2Cl
017700-09-3,"2,3,4-TRICHLORONITROBENZENE",3.61,2.2,2.08,3.74,Clc1ccc(N(=O)=O)c(Cl)c1Cl
017790-61-3,4-CHLORO-4'-ISOPROPYL BIPHENYL,5.86,3.04,3.81,5.86,Clc2ccc(cc2)c1ccc(cc1)C(C)C
018181-70-9,IODOFENPHOS,5.51,3.62,3.54,5.39,COP(=S)(OC)Oc1cc(Cl)c(I)cc1Cl
018708-70-8,"1,3,5-TRICHLORO-2-NITROBENZENE",3.69,2.83,2.14,3.74,O=N(=O)c(c(cc(c1)Cl)Cl)c1Cl
019666-30-9,OXADIAZON,4.8,2.58,3,4.81,CC(C)Oc1cc(c(Cl)cc1Cl)N2N=C(OC2=O)C(C)(C)C
020020-02-4,"1,2,3,4-TETRACHLORONAPHTHALENE",5.75,4.52,4.35,5.75,c1ccc2c(Cl)c(Cl)c(Cl)c(Cl)c2c1
020668-33-1,"6,7-DIMETHYLQUINONE",3.24,1.32,1.79,3.24,Cc1cc2c(cc1C)nccc2
021267-72-1,BAS 290-h (2-CHLORO-N-(1-METHYL-2-PROPYNYL)-,2.14,0.95,0.95,2.14,ClCC(=O)N(c(ccc1)cc1)C(C#C)C
021348-16-3,CALCIUM DI-TRICHLOROACETATE,1.33,0.48,0.33,1.33,O=C(O[Ca]OC(=O)C(Cl)(Cl)Cl)C(Cl)(Cl)Cl
021564-17-0,2-(THIOCYANATEMETHYLTHIO)BENZOTHIAZOLE,3.3,2.31,1.84,3.12,c1ccc2N=C(SCSC(#N))Sc2c1,,
023184-66-9,BUTACHLOR,4.5,2.17,2.76,4.84,CCCCOCN(C(=O)CCl)c1c(CC)cccc1CC,,
024423-11-8,2-CHLOROPHENANTHRENE,5.16,3.63,3.75,4.99,c1cc2c3ccc(Cl)cc3ccc2cc1,,
025154-54-5,DINITROBENZENES,1.55,1.46,0.49,1.63,O=N(=O)c2ccccc2N(=O)=O,,
025265-71-8,DIPROPYLENE GLYCOL,-0.64,0.5,0.5,-0.64,CC(O)COCC(O)C,,
025321-14-6,DINITROTOLUENE,2.18,0.92,0.98,2.18,Cc1cccc(N(=O)=O)c1N(=O)=O,,
025323-68-6,TRICHLOROBIPHENYL,5.48,3.97,4.14,5.69,Clc2c(cc(cc2)Cl)c1c(cccc1)Cl,,
025512-42-9,DICHLOROBIPHENYL,5.05,4.01,3.81,5.59,Clc2c(ccc(c2)C)c1c(cccc1)Cl,,
025637-99-4,HEXABROMOCYCLODODECANE,7.74,4.05,3.8,7.74,BrC1CC(CC(CC(CC(CC(C1)Br)Br)Br)Br)Br,,
026002-80-2,PHENOTHRIN,7.54,2.61,2.42,7.54,CC(C)=CC3C(C(=O)OCc2cccc(Oc1ccccc1)c2)C3(C)C,,
026027-38-3,POLYETHYLENE GLYCOL p-NONYLPHENYL ETHER,3.11,0.99,1.04,3.11,,,POLYETHYLENE GLYCOL p-NONYLPHENYL ETHER
026087-47-8,IBP (IPROFENFOS),3.34,0.87,1.87,3.57,CC(C)OP(=O)(OC(C)C)SCc1ccccc1,,
026444-49-5,CRESYLDIPHENYL PHOSPHATE,4.51,2.34,1.99,5.25,O=P(Oc1ccccc1)(Oc2ccccc2)Oc3ccccc3C,,
026530-20-1,"3(2H)-ISOTHIAZOLONE, 2-OCTYL-",2.45,2.67,1.19,2.61,O=C1C=CSN1CCCCCCCC,,
026603-23-6,"N,N-BIS(OCTYLPHENYL)AMINE",11.26,1,0.5,11.26,CCCCCCCCc1ccc(cc1)Nc2ccc(cc2)CCCCCCCC,,
026630-87-5,DISPERSE RED 206,6.28,1.15,1,6.28,O=C(c3ccccc3)Nc4cc(ccc4N=NC1=Nc2c(cc(cc2)Cl)S1)N(CCOC(=O)C)CCOC(=O)C,,
026761-40-0,DIISODECYL PHTHALATE,10.36,1.16,0.5,10.36,CC(C)CCCCCCCOC(=O)c1ccccc1C(=O)OCCCCCCCC(C)C,,
026787-65-5,"ETHANEDIOL ESTER, MONTANIC ACID",5.1,1.27,2.23,5.1,,,"ETHANEDIOL ESTER, MONTANIC ACID"
026898-17-9,DIBENZYLTOLUENE,6.59,3.27,4.37,6.59,Cc1cc(ccc1Cc2ccccc2)Cc3ccccc3,,
026967-76-0,TRIS(P-ISOPROPYLPHENYL)PHOSPHATE,9.07,1.47,1.19,9.07,O=P(Oc2ccc(cc2)C(C)C)(Oc3ccc(cc3)C(C)C)Oc1ccc(cc1)C(C)C,,
028106-30-1,ETHYLSTYRENE (m- and p- isomers only),4.19,2.67,2.53,3.93,C=Cc1ccc(cc1)CC,,
028249-77-6,THIOBENCARB,3.4,1.86,1.92,3.9,CCN(CC)C(=O)SCc1ccc(Cl)cc1,,
028680-45-7,HEPTACHLORONORBORNENE,5.67,4.05,3.67,5.67,ClC1(C(C2(C(C1(Cl)C=C2)Cl)Cl)(Cl)Cl)Cl,,
028984-89-6,P-BIPHENYLPHENYL ETHER,5.81,3.22,3.77,5.81,O(c1ccc(cc1)c2ccccc2)c3ccccc3,,
029082-74-4,OCTACHLOROSTYRENE,7.46,4.52,4.18,7.46,Clc(c(Cl)c(Cl)c1C(Cl)=C(Cl)Cl)c(Cl)c1Cl,,
029253-36-9,ISOPROPYLNAPHTHALENE,4.63,2.67,2.87,4.63,CC(c1cccc2c1cccc2)C,,
029761-21-5,ISODECYL DIPHENYL PHOSPHATE,5.44,2.7,2.49,7.28,O=P(Oc1ccccc1)(Oc2ccccc2)OCCCCCCCC(C)C,,
030171-80-3,DIBROMOCRESYL GLYCIDYLETHER,3.95,1.11,2.34,3.94,Brc2c(c(cc(c2)OCC1OC1)C)Br,,
030560-19-1,ACEPHATE,-0.85,-1.43,0.5,-0.9,COP(=O)(NC(C)=O)SC,,
032598-11-1,"2,3',4',5-TETRACHLOROBIPHENYL",6.23,5.08,4.72,6.34,Clc1ccc(Cl)c(c1)c2ccc(Cl)c(Cl)c2,,
032598-13-3,"3,3',4,4'-TETRACHLOROBIPHENYL",6.63,4.59,5.03,6.34,Clc1ccc(cc1Cl)c2ccc(Cl)c(Cl)c2,,
032669-06-0,2-CHLOROETHYLBENZHYDRYL ETHER,4.38,2.38,2.67,4.15,c1ccccc1C(OCCCl)c2ccccc2,,
032861-85-1,CHLOMETHOXYNIL,4.4,3.49,2.69,4.4,c1cc(Cl)cc(Cl)c1Oc2cc(OC)c(N(=O)(=O))cc2
033213-65-9,BETA-ENDOSULFAN,3.84,3.99,2.26,3.5,O1S(=O)OCC2C(Cl)(C3(Cl)Cl)C(Cl)=C(Cl)C3(Cl)C2C1
033284-52-5,"3,3',5,5'-TETRACHLOROBIPHENYL",6.85,5.11,5.19,6.34,Clc1cc(Cl)cc(c1)c2cc(Cl)cc(Cl)c2
033423-92-6,"1,3,6,8-TETRACHLORODIBENZO-P-DIOXIN",7.1,3.76,4.67,6.92,c1c(Cl)cc2Oc3cc(Cl)cc(Cl)c3Oc2c1Cl
033442-85-2,PHOTO-CIS CHLORDANE,6.1,3.07,4,6.26,ClC1(C2(C3C(C1(C(=C2Cl)Cl)Cl)CC(C3Cl)Cl)Cl)Cl
033979-03-2,"2,2',4,4',5,5'-HEXACHLOROBIPHENYL",7.29,5.3,5.03,7.62,Clc1cc(Cl)c(c(Cl)c1)c2c(Cl)cc(Cl)cc2Cl
034883-39-1,"2,5-DICHLOROBIPHENYL",5.16,4.24,3.89,5.05,Clc1ccc(Cl)c(c1)c2ccccc2
034883-41-5,"3,5-DICHLOROBIPHENYL",5.37,3.81,4.05,5.05,c1ccccc1c2cc(Cl)cc(Cl)c2
035065-27-1,"2,2',4,4',5,5'-HEXACHLOROBIPHENYL",7.16,5.59,5.21,7.62,Clc1cc(Cl)c(cc1Cl)c2cc(Cl)c(Cl)cc2Cl
035367-38-5,DIFLUBENZURON,3.88,2.2,2.29,3.59,O=C(NC(=O)c(c(F)ccc1)c1F)Nc(ccc(c2)Cl)c2
035693-99-3,"2,2',5,5'-TETRACHLOROBIPHENYL",6.09,4.87,4.61,6.34,c1c(Cl)ccc(Cl)c1c2c(Cl)ccc(Cl)c2
035694-08-7,"2,2',3,3',4,4',5,5'-OCTACHOROBIPHENYL",7.9,4.33,4.2,8.91,Clc1cc(c(Cl)c(Cl)c1Cl)c2cc(Cl)c(Cl)c(Cl)c2Cl
035822-46-9,"1,2,3,4,6,7,8-HEPTACHLORODIBENZO-P-DIOXIN",8.2,4.14,3.17,8.85,Clc1c(Cl)c(Cl)c2Oc3cc(Cl)c(Cl)c(Cl)c3Oc2c1Cl
035860-37-8,TRIISOPROPYLNAPHTHALENE,6.03,3.62,3.94,7.54,CC(c1cc(cc2c1cccc2C(C)C)C(C)C)C
036065-30-2,"2,4,6-TRIBROMOPHENYL(2-METHYL-2,3-DIBROMOPRO",6.79,4.16,4.53,6.79,BrCC(Br)(C)COc1c(Br)cc(Br)cc1Br
036355-01-8,HEXABROMOBIPHENYL,6.39,4.26,4.84,9.1,Brc1cc(Br)c(c(Br)c1)c2c(Br)cc(Br)cc2Br
036483-60-0,HEXABROMOPHENYLETHER,7.39,2.95,4.28,8.55,Brc2c(cc(cc2Br)Oc1c(cc(c(c1)Br)Br)Br)Br
037680-65-2,"2,2',5-TRICHLOROBIPHENYL",5.6,4.3,4.23,5.69,Clc1ccc(Cl)c(c1)c2ccccc2Cl
037680-73-2,"2,4,5,2',5'-PENTACHLOROBIPHENYL",6.8,5.47,5.16,6.98,Clc1ccc(Cl)c(c1)c2cc(Cl)c(Cl)cc2Cl
038444-93-8,"2,2',3,3'-TETRACHLOROBIPHENYL",6.18,4.23,4.68,6.34,Clc1cccc(c1Cl)c2cccc(Cl)c2Cl
038640-62-9,DIISOPROPYLNAPHTHALENE,6.08,3.08,3.98,6.08,CC(c1c2cc(ccc2ccc1)C(C)C)C
039001-02-0,OCTACHLORODIBENZOFURAN,8.6,3.1,2.62,8.87,Clc3c(Cl)c(Cl)c1c(oc2c(Cl)c(Cl)c(Cl)c(Cl)c12)c3Cl
039227-61-7,"1,2,3,4,7-PENTACHLORODIBENZO-P-DIOXIN",7.4,3.16,4.26,7.56,Clc1c(Cl)c(Cl)c2Oc3ccc(Cl)cc3Oc2c1Cl
040036-79-1,"3,6,9,12,15,18,21-HEPTAOXOPENTATRIACONTAN-1-",3.83,2.89,2.25,3.83,OCCOCCOCCOCCOCCOCCOCCOCCCCCCCCCCCCCC
040690-89-9,DISPERSE ORANGE 73,5.68,0.72,1,5.68,O=C(OCCN(c(ccc(N=Nc(ccc(N(=O)(=O))c1)c1)c2)c2)CCC(#N))c(cccc3)c3
041122-70-7,4'-n-HEXYL-4-CYANOBIPHENYL,5.35,3.46,3.42,6.31,N#Cc(ccc(c(ccc(c1)CCCCCC)c1)c2)c2
042240-73-3,"2,2',3,3'-TETRACHLORO-4,4'-DIAMINODIPHENYLME",4.76,3.19,2.97,4.5,Clc2c(ccc(c2Cl)c1ccc(c(c1Cl)Cl)N)N
051207-31-9,"2,3,7,8-TETRACHLORODIBENZOFURAN",6.53,3.31,4.33,6.29,Clc3cc2oc1cc(Cl)c(Cl)cc1c2cc3Cl
051630-58-1,FENVALERATE,6.2,3.43,4.07,6.76,CC(C)C(C(=O)OC(C#N)c2cccc(Oc1ccccc1)c2)c3ccc(Cl)cc3
052315-07-8,CYPERMETHRIN,6,2.62,2.27,6.38,ClC(Cl)=CC1C(C)(C)C1C(=O)OC(C#N)c2cccc(Oc3ccccc3)c2
052322-80-2,"1,2,4-TRICHLORO-5-PHENOXYBENZENE",5.44,4.18,3.49,5.14,c1ccccc1Oc2c(Cl)cc(Cl)c(Cl)c2
052645-53-1,PERMETHRIN,6.5,2.63,2.66,7.43,CC1(C)C(C=C(Cl)Cl)C1C(=O)OCc3cccc(Oc2ccccc2)c3
052918-63-5,DELTAMETHRIN,6.2,2.66,2.42,6.18,CC1(C)C(C=C(Br)Br)C1C(=O)OC(C#N)c3cccc(Oc2ccccc2)c3
056348-72-2,"1,1'-OXYBIS[3,4-DICHLOROBENZENE]",6.63,4.51,4.4,6.63,Clc2c(ccc(c2)Oc1cc(c(cc1)Cl)Cl)Cl
056803-37-3,T-BUTYLPHENYL DIPHENYL PHOSPHATE,5.12,3.11,2.46,6.61,O=P(Oc1cc(ccc1)C(C)(C)C)(Oc2ccccc2)Oc3ccccc3
057653-85-7,"1,2,3,6,7,8-HEXACHLORODIBENZO-P-DIOXIN",8.21,3.6,3.15,8.21,Clc2cc1Oc3c(Oc1c(Cl)c2Cl)cc(Cl)c(Cl)c3Cl
059365-60-5,"1-CHLORO-2-(1,2-ETHANEDIOL)BENZENE",1.17,-0.54,0.45,1.08,Clc1ccccc1C(O)CO
059722-76-8,DISPERSE RED 207,5.58,1.96,2.76,5.58,O=C(c(c(C(=O)c1c(N)c(Oc(ccc(c2)Br)c2)cc3O)ccc4)c4)c13
059756-60-4,FLURIDONE,3.16,1.55,1.73,4.48,CN1C=C(c2ccccc2)C(=O)C(c3cc(C(F)(F)F)ccc3)=C1
060628-17-3,DIPHENYLMONOTRIDECYLPHOSPHITE,10.75,2.05,0.5,10.07,O(P(Oc(cccc1)c1)Oc(cccc2)c2)CCCCCCCCCCCCC
060782-58-3,TRIHEXYLSILANOL,8.51,1.37,1.24,8.51,O[Si](CCCCCC)(CCCCCC)CCCCCC
061949-76-6,CIS-PERMETHRIN,6.5,2.04,2.66,7.43,O=C(OCC2=CC=CC(OC3=CC=CC=C3)=C2)C1C(C)(C)C1C=C(Cl)Cl
061949-77-7,TRANS-PERMETHRIN,6.5,2.04,2.66,7.43,O=C(OCC2=CC=CC(OC3=CC=CC=C3)=C2)C1C(C)(C)C1C=C(Cl)Cl
061968-28-3,DISPERSE BLUE-143,2.2,0.61,0.15,2.2,O=C1c4c(c(c3c(c4N)C(N(C3=N)CCOCCCC)O)N)C(=O)c2c1cccc2
061968-52-3,DISPERSE RED 167,4.53,0.7,1,5.39,O=N(=O)c2cc(c(cc2)N=Nc1ccc(cc1NC(=O)CC)N(CCOC(=O)C)CCOC(=O)C)Cl
066108-37-0,"2,2-BIS(BROMOMETHYL)-3-CHLOROPROPYL-BIS[2-CH",5.03,1.96,2.39,5.03,O=P(OCC(CCl)(CBr)CBr)(OC(CCl)CCl)OC(CCl)CCl
066230-04-4,ESFENVALERATE,6.2,1.97,4.07,6.76,c1cc(Cl)ccc1C(C(C)C)C(=O)OC(C#N)c2cccc(Oc3ccccc3)c2
069806-40-2,"PROPANOIC ACID, 2-[4-[[3-CHLORO-5-(TRIFLUORO",3.52,1.23,2.01,3.67,Clc1cc(C(F)(F)F)cnc1Oc2ccc(OC(C)C(=O)OC)cc2
070124-77-5,FLUCYTHRINATE,6.2,3.59,4.07,6.56,CC(C)C(C(=O)OC(C#N)c2cccc(Oc1ccccc1)c2)c3ccc(OC(F)F)cc3
071767-67-4,DISPERSE YELLOW 163,4.19,1.54,1,5,Clc1cc(N(=O)=O)cc(Cl)c1N=Nc2ccc(N(CCC#N)CCC#N)cc2
074338-50-4,"3,5-DICHLORO-4'-ISOPROPYL BIPHENYL",6.5,3.04,4.31,6.5,Clc2cc(cc(c2)c1ccc(cc1)C(C)C)Cl
